Name,Price,Used For,Warranty,Transmission,Colour,Make Year,Features,Mileage,Engine (CC),Fuel,Kilometer Run,Types
Nissan Sunny 1.6 fully fresh 9803656430,880000,,,Manual2WD,,2007,,15,1600,Petrol,,Sedan
Hyundai i10 2009model with option,1055000,,,Manual - 2WD,Dark Blue,2009,"Fresh car with great engine and on sale plus can even bring mechanic to inspect the car
Original color 
With option
A/C for hot and cold 
Power stearing 
Power window 
D fogger 
Back camera 
Luxirious new seat 
4ta New tyres 
10 inch android touch screen 
Car is also comfortable and luxurious to drive",16,1100,Petrol,,Mid Size Hatchback
Santro   Hyundai 2013 model  super fresh 2user car,1515000,Personal ,,Auto2WD,Marun ,2014,Basic full option ,15-18 ,1100 CC,Petrol,77000,MidSizeHatchback
Santro   Hyundai 2013 model super fresh 2user ,1515000,Personal ,,Auto2WD,Marun ,2013,Basic full option ,15-18,1100 CC ,Petrol,77000 ,MidSizeHatchback
i10 magna 1200cc,1175000,,,Manual - 2WD,blue,2009,power steering power windows ac heater,14,1200,Petrol,62000,Small Hatchback
Santro  Hyundai 2013 model super fresh 2user ,1515000,Personal ,,Manual2WD,Marun ,2013,Basic full option ,15-18 ,1100 CC ,Petrol,77000 ,MidSizeHatchback
excellent condition 2008 model swift vxi on sale!,1250000,,,Manual - 2WD,gray,2008,full option,,1200,Petrol,77000,Mid Size Hatchback
like a new 2015 model i20Active s on sale !,2450000,,,Manual - 2WD,brown,2015,full option,,1200,Petrol,42000,Mid Size Hatchback
Santro  Hyundai 2013 model fresh 2user on sale ,1515000,Personal ,,Manual2WD,Marun ,2013,Basic full option ,15-18 ,1100 CC ,Petrol,77000 ,MidSizeHatchback
excellent condition 2016 model i20Active s on sale,2650000,,,Manual - 2WD,white,2016,full option,,1200,Petrol,47000,Mid Size Hatchback
Suzuki swift ,935000,,,Manual2WD,Silver,2005,,,1298,Petrol,74500,MidSizeHatchback
Maruti Suzuki Ciaz 1.5 Smart Hybrid 2019,2575000,,,Manual2WD,Elegant Blue ,2019,,,1500,Hybrid,36000,Sedan
Hyundai i10 2009 model on sale (9849027795),1065000,,,Manual - 2WD,red,2009,,,1086,Petrol,88000,Small Hatchback
ford Kuga SUV 2012 model finance exchange,2700000,,,Manual - 2WD,,2012,,,,Petrol,,Small Hatchback
Renault Kwid,1790000,Personal,,Manual - 2WD,Biz,2021,,17,,Petrol,12800,Mid Size Hatchback
✨ Hyundai Accent For Sale – Immaculate Condition! ,850000,Family car,None,Manual2WD,Silver,2007,Mid range,47000,1399,Petrol,47000,Sedan
i20 asta,1275000,,,Manual - 2WD,silver,2009,power steering power windows abs airbgs,14,1200,Petrol,58000,Mid Size Hatchback
Omni maruti cargo van sell,380000,1.5Years,,Manual2WD,White,2014,,,800,Petrol,100000,Van
Kia Picanto 2004,650000,,,Manual - 2WD,,2004,,,,Petrol,,Mid Size Hatchback
Car rent for marriage,7499,,,Auto - 4WD,,2014,,,,Petrol,,SUV / Jeep
Brezza Zdi+,2695000,,,Manual - 2WD,grey,2017,,14,1200,Diesel,54000,SUV / Jeep
Gypsy,1750000,personal,,Manual - 4WD,blue white,1999,,,1298,Petrol,9400,SUV / Jeep
Santro Sports 2019 Hyundai,2100000,,,Manual - 2WD,Marun,2019,Airbags power steering power windows ,15,1100,Petrol,41000,Mid Size Hatchback
Ford Figo Titanium petrol 2012 model,9800000,,,Manual2WD,Gray,2012,Air bag ac heater ,13,1200,Petrol,70k,MidSizeHatchback
Hilux 2009,2700000,,,Auto - 4WD,Metalic Gray,2009,,,2494,Diesel,90000,Pickup
Single Hand Ford EcoSport Trend 2018,2350000,7 Years,Not Available,Manual - 2WD,Grey,2018,Auto AC  Dual Airbags  ABS  Rear Parking Sensor  Rear Defogger  Rear Wiper  Reverse Parking Camera  Leather Wrapped Steering Wheel  Steering Mounted Audio Controls  Power Steering  Power Windows  Music Player,11,1500,Petrol,43800,Compact SUV
Seltos Htx 2020 Dsl,4500000,,,Manual - 2WD,White,2020,Top ,16,1500,Diesel,37,Compact SUV
Seltos Htx 2020 Dsl,4500000,,,Manual - 2WD,White,2020,Top ,16,1500,Diesel,37,Compact SUV
City Sprite Jiyung Ev,900000,,,Auto - 2WD,Red,2020,Loded,120,120,Electric,15000,Mid Size Hatchback
Maruti Suzuki A Star 2012,1350000,,,Manual - 2WD,Silver,2012,,15,998,Petrol,45,Mid Size Hatchback
Toyota Hiace 2018 model,3400000,,,Manual2WD,,2018,,,,Diesel,,Bus
Subaru Japanese 4wd Fully Fresh Model-2007,1600000,,,Manual - 4WD,,2007,,,,Petrol,80000,SUV / Jeep
Hyundai santro 2007 sell and exchange,950000,,,Manual - 2WD,golden silver,2007,full option,14,1100,Petrol,79000,Small Hatchback
Nissan super salon auto 2007 sell and exchange,2550000,,,Manual - 2WD,golden silver,2007,full option,14,1200,Petrol,66000,Sedan
Volkswagen polo 1.6 2018 sell and exchange,1800000,,,Manual - 2WD,silver,2018,full option,14,1600,Petrol,42000,Small Hatchback
deepal E07 ev sunroof single hand 2025 sell/exchan,8500000,,,Auto - 2WD,black,2025,full option,650,190,Electric,7000,SUV / Jeep
Ford Figo tren 2017 sell and exchange,1400000,,,Manual - 2WD,white,2017,full option,14,1200,Petrol,32000,Small Hatchback
Hilux 2021 ..,87,,,Manual - 4WD,white,2021,,,2800,Diesel,,Pickup
Hyundai eon era+  2012 sell and exchange,900000,,,Manual - 2WD,blue,2012,full option,14,800,Petrol,79000,Small Hatchback
Honda City Fully Fresh Condition Model-2007,895000,,,Manual - 2WD,,2007,,,,Petrol,80000,Sedan
TOYOTA COROLLA LX ,2125000,,,Manual4WD,BLACK,2008 ,,,Japanese ,Petrol,80000,Sedan
BYD ATTO 3 100 kW (Superior  60.48Kwh)  2024 Model,5800000,,,Auto - 2WD,White,2024,"Performance and battery

Battery: 60.48 kWh BYD Blade Battery

Range: 420 km (WLTP)

Motor Power: 150 kW (204 hp)

Torque: 310 Nm

Acceleration: 0-100 km/h in 7.3 seconds

Top Speed: 160 km/h

Fast Charging: Can charge from 0% to 80% in approximately 45-50 minutes with an 80 kW DC fast charger 

Interior and technology

Infotainment: 15.6-inch rotating touchscreen

Sound System: 8-speaker audio system

Convenience: Wireless phone charger  powered tailgate  and a panoramic sunroof

Connectivity: Voice assistant and Spotify app are built-in  plus four USB ports

Comfort: 6-way power-adjustable driver's and passenger seats  ambient lighting (including 31-colour options)  and an air purifier

Design: Features a unique design with elements like ""guitar-string"" door panels 

Safety and assistance

Airbags: Up to seven airbags  including a driver's center airbag

Cameras: 360-degree camera system

ADAS: Advanced Driver Assistance Systems (ADAS) include adaptive cruise control with Stop & Go  blind spot monitoring  lane-keep assist  adaptive emergency braking  and front/rear collision warning

Braking and traction: ABS  ESC  and traction control are standard",,,Electric,2500,Compact SUV
Creta SX diesel 2016,3050000,,,Manual2WD,Red ,2016,,17,1200,Diesel,60000,CompactSUV
Well condition ford figo titanium 2017 on sale ,1750000,,,Manual2WD,Gray ,2017,Full option ,,1200,Petrol,56000,MidSizeHatchback
Single user ford freestyle Trand 2019 on sale ,2050000,,,Manual2WD,Brown ,2019,Full option ,,1200,Petrol,44000,MidSizeHatchback
sale,1335000,persanal,no,Manual2WD,silver ,2010,ac  power stering  power window  lcd back camera adjust looking class,13,1200,Petrol,58653,MidSizeHatchback
Brezza Vdi+ 2018 Fresh Condition,2750000,7 years ,Buy back ,Manual - 2WD,White ,2018,Full option ,19,1248,Diesel,49000,SUV / Jeep
Hyundai Santoro 2006 Model,950000,,,Auto - 2WD,,2006,,,,Petrol,,Small Hatchback
eeco van services for rent 5000 perday,5000,,,Manual - 2WD,grey white,2019,,,1200,Petrol,,Van
SHOWROOM CONDITION HYUNDAI CRETA SX FACELIFT 2018 ,4075000,5,No,Manual2WD,White ,2018,Push star Allo wheels power steering power windows orvm steering mount control etc ,15/17,1600,Petrol,58000,SUVJeep
Tata Nexon Ev Max 2023 Model Hospital Used,3150000,Hospital staff ,Warranty available from  company ,Auto - 2WD,White ,2023,Push start alloy sunroof and wireless charger cooler seat and many more ,350,,Electric,54000,Compact SUV
Hyundai Verna 2015 Single Handed,2150000,Personal ,As per company policy ,Manual - 2WD,White ,2015,Key less entry push start bottom allow wheels back sensor & camera many more ,14,1500,Petrol,63000,Sedan
2016 Skoda Rapid On Sale,1350000,Personal,,Manual - 2WD,White,2016,Many More,18,1500,Diesel,75000,Sedan
Grand i10 Magna,1700000,single handed,No,Manual - 2WD,silver,2013,full option,16,1197,Petrol,65000,Small Hatchback
Alto,300000,,,Manual2WD,,2001,,,,Petrol,,SmallHatchback
Sonet GT Line 2020,4075000,5,,Manual2WD,White,2020,sport-styled exterior  wireless charging  a large infotainment system  ventilated front seats  a special GT Line interior and Sunroof etc ,17,1400,Diesel,63000,SUVJeep
BORGWARD BX5 2020,6000000,Personal,No,Auto - 4WD,Black,2020,6 airbags  CRUISE CONTROL SUNROOF MOONROOF 360 camera,10,2000,Petrol,,Compact SUV
Skoda fabia 1.6  2013 model good Rs 950000.,950000,10 years,None,Auto4WD,Grey,2013,Excellent condition,12km,1598,Petrol,40000,CompactSUV
Maruti 800,315000,,,Manual - 2WD,,1997,,,800,Petrol,,Small Hatchback
ECO VAN 7SEATER ,1724000,,,Manual2WD,Sliver,2018,,,1200,Petrol,52000,Van
Breeza,2500000,,,Manual - 2WD,red and black,2016,,,1462,Diesel,53000,SUV / Jeep
Daihatsu Sirion 2005,590000,,,Manual - 2WD,White,2005,,,998,Petrol,,Small Hatchback
Hyundai I20 Active S 2016,2550000,,,Manual - 2WD,White,2016,,,1197,Petrol,53245,Compact SUV
Hyundai I10 Magna 2010,1425000,,,Manual - 2WD,Sleek Silver,2010,,,1197,Petrol,,Small Hatchback
i10 wheel cover cap,1300,,,Manual4WD,,2025,,,,Petrol,,SUVJeep
Eco seater van urgent sell ✅✅,1450000,personal or school Montessori,,Manual - 2WD,silver,2018,,,1200,Petrol,650000,Van
CELERIO X ZXI 2018 📞📞9823379636,2050000,,,Manual2WD,,2018,,,1000,Petrol,54000,MidSizeHatchback
Well condition Chevrolet Beat 2010 on sale ,900000,,,Manual2WD,Red ,2010,Semi option ,,1200,Petrol,45000,MidSizeHatchback
Magnite 2021 model superfresh 5 wota Tyre new 3079,270000,,,Manual2WD,White ,2021,,,1000,Petrol,3079 km,CompactSUV
Well condition Hyundai I 10 sports 2008 on sale ,1275000,,,Manual2WD,Silver ,2008,Full option ,,1200,Petrol,53000,MidSizeHatchback
Hyundai verna 2013 model,1700000,,,Manual2WD,Silver ,2013,,,1500,Petrol,86300,Sedan
Japanese Subaru 2007 Model Finance Exchange,1400000,,,Manual - 4WD,,2007,,,,Petrol,,Small Hatchback
Kia seltos ivt auto sunroof petrol 2021 model,5200000,,,Auto2WD,White,2021,,,1500,Petrol,53600,CompactSUV
Honda City 2006 Model Finance Exchange,900000,,,Manual - 2WD,,2007,,,,Petrol,,Sedan
Hyundai I20 Fully Fresh Condition Mode-2009,1350000,,,Manual - 2WD,,2009,,,,Petrol,80000,Small Hatchback
Toyota RAV4 Fully Fresh Condition Model-1998,1200000,,,Manual - 4WD,,1998,,,,Petrol,80000,SUV / Jeep
Nissan X-Tril Sunroof 4wd Fully Fresh Mode-2002,1200000,,,Manual - 4WD,,2002,,,,Petrol,80000,SUV / Jeep
car vacum cleaner has available at nbtc complex,1850,clean car,1,Auto - 2WD,black gray red,1,clean,4,200,Electric,200,Others
TOYOTA RAV4 1998 MODEL ‼️,1000000,,,Manual - 4WD,,1998,,,,Petrol,,SUV / Jeep
MAZDA-3 ⚡ 2007 MODEL ‼️,1100000,,,Manual - 2WD,,2007,,,,Petrol,,Sedan
HYUNDAI SANTRO 2006 MODEL ‼️,950000,,,Manual - 2WD,,2006,,,,Petrol,,Small Hatchback
Hyundai Santro 2003 Full Option On Sale,625000,,,Manual - 2WD,Grey,2003,,,1000,Petrol,85000,Small Hatchback
Maruti Suzuki Swift Vxi 2009 On Sale,1350000,,,Manual - 2WD,Silver,2009,,,1200,Petrol,65000,Mid Size Hatchback
Mitsubishi Japanese Lancer Fully Fresh Model-2006,1000000,,,Manual - 2WD,,2006,,,,Petrol,80000,Sedan
Mitsubishi Pejaro 4wd Fully Fresh Model-1990,900000,,,Manual - 4WD,,1990,,,,Diesel,950000,SUV / Jeep
Ford KUGA SUV 2600cc Fully Fresh Model-2012,2800000,,,Manual - 4WD,,2012,,,26000,Petrol,95000,SUV / Jeep
Ford Figo Aspire Titanium 2021 Single Hand,1990000,,,Manual - 2WD,Smoke grey ,2021,,,1194,Petrol,39000,Sedan
Myvi Sirion Fully Fresh Model-2010 Super Fresh,800000,,,Manual - 2WD,,2010,,,,Petrol,80000,Small Hatchback
Nissan Kicks XV 15 Lakhs Finance 14 Lakhs Cash,2900000,,,Manual - 2WD,,2019,,,,Diesel,,Compact SUV
Ecosports titanium 2018,2500000,Personal use,,Manual2WD,Red,2018,,,1500,Petrol,52000,CompactSUV
Skoda Rapid Elegance 1.6 Single Hand Top Varient,1475000,,,Manual - 2WD,Beige ,2014,Power steering sound system auto power windows  double ac  Android camera sensor dual airbags  alloy wheels ,,1600,Petrol,,Sedan
Brezza 2021 ZXI PLUS(Top Model),3799999,,,Manual - 2WD,silver,2021,"?? Steering mount control
??Cruise Control
??Touch screen infotainment system
?? Automatic AC and climate control 
?? Bluetooth connectivity 
??Front and rear rain sensing wiper
?? defogger
?? Android auto and apple carplay
?? Adjustable seats
??Armrest on both fronts and back seats
??500 litre large boot space
??Spare tyre and tools
??Auto ORVM
??Sunglass Holder
??Alloy wheels
??Remote key and keyless entry 
??Push button start
?? Automatic Window control",18,1499,Petrol,37000,SUV / Jeep
2008 model tuction ,1600000,M,N,Manual4WD,Drak gry ,2008,Full top variant ,10/12,2000,Diesel,90/95,SUVJeep
Grand i10 sportz 2019,2400000,personal,no,Auto - 2WD,marun,2019,,16,1200,Petrol,41000,Mid Size Hatchback
wagon r 2017 model,1675000,,no,Manual - 2WD,red,2017,power window  power stering  ac/heater  music system back camara etc.,18,1000,Petrol,51000,Mid Size Hatchback
Breeza or Nexon Chahiyo,2200000,,,Manual2WD,,2020,,,,Petrol,,CompactSUV
Suzuki ignis 2005 Model Dual Airbag,550000,,,Manual - 2WD,,2005,,,,Petrol,,Mid Size Hatchback
🔥 FOR SALE – TOYOTA HILUX REVO 2016 (4WD) On SALE,5900000,,,Manual - 4WD,Grey,2016,Fulloptions,12,2755,Petrol,92000,Pickup
Fiat Linea 2011,850000,,,Manual - 2WD,White,2011,,12,1400,Petrol,70,Sedan
Maruti Suzuki Wagon R Vxi 2009 40000 Km On Sale,1050000,,,Manual - 2WD,Red,2009,,,1000,Petrol,40000,Small Hatchback
Alto Lxi 2018 Model On Sale 9851043436,1450000,,,Manual - 2WD,Silver ,2018,Ac  Power Steering  front Power window etc,,800,Petrol,51000,Small Hatchback
2010 i20 ASTA HYUNDAI 82500 KM,1350000,,,Manual2WD,Gray,2010,,,1200,Petrol,82500,SmallHatchback
Hilux Revo Car Urgent sale,5900000,,,Manual4WD,grey,2017,,,,Diesel,75000,Pickup
Tata Ngr Car On Sale,2600000,,,Manual - 2WD,Forest green,2021,Full option ,16,1158,Petrol,8000,Small Hatchback
Fresh i20 active 2015 1400cc Diesel 6 gear on sale,2250000,Personal use ,No,Manual2WD,Earth brown,2015,All ,16,1400,Diesel,48k,MidSizeHatchback
Terios Sx 4WD 2014 On Sale 9851043436,3450000,,,Manual - 4WD,Silver,2014,Dual Air Bag  Power Steering  Power Window  Steering mount  Alloy wheel Etc,,1496,Petrol,71757,Compact SUV
Nammi EV top range ,3100000,11 months ,8 years ,Auto2WD,Blue white ,2024,Top of the range ,350,,Electric,10500,MidSizeHatchback
Hyundai Creta 1.6 Gasoline E 2018 Model,3400000,Personal,,Manual - 2WD,Silver,2018,Fully loaded,,1600,Petrol,,Compact SUV
Suzuki Scross 2016 Model Required चाहियो ,1600000,,,Auto2WD,,2016,,,1248,Diesel,,CompactSUV
Hyundai Creta on Sale,2700000,Personal Use,,Manual4WD,Grey,2016,Added cameras for side view and reverse view.,,1500,Petrol,64576,SUVJeep
Toyota Yaris sedan 2008 sell and exchange,1175000,,,Manual - 2WD,silver,2008,full option,14,1300,Petrol,57000,Sedan
Honda City 1.5 VMT,1850000,Personal ,No,Manual - 2WD,White ,2014,Music system led Yellow whell ,16,1596,Petrol,51000,Sedan
sujuki ignish 2017 single hand  sell & exchange,1899000,,,Manual - 2WD,silver,2017,full option,,1200,Petrol,55000,Small Hatchback
Kia picanto 2010 sell and exchange,900000,,,Manual - 2WD,grey,2010,full option,14,1100,Petrol,62000,Small Hatchback
hyundai santro 2007 full option sell & exchange,950000,,,Manual - 2WD,golden silver,2007,full option,14,1100,Petrol,79000,Small Hatchback
Kia soul ev sunroof 2018 single hand sell nd excha,1850000,,,Manual - 2WD,white,2018,full option,180,81,Electric,60000,SUV / Jeep
BYD atto 3 for wedding car rent,12000,,,Auto2WD,,2025,,,,Electric,,SUVJeep
tata nano 2012 sell and exchange,350000,,,Manual - 2WD,red,2012,full option,16,600,Petrol,79000,Small Hatchback
Deepal E07 ev 2025 low run 7000 km sell & exchange,8500000,,,Auto - 2WD,gre,2025,full option,650,190,Electric,7000,SUV / Jeep
Hyundai i20 activeS 2016 sell and exchange,2550000,,,Manual - 2WD,white,2016,full option,14,1200,Petrol,66000,SUV / Jeep
Maruti Suzuki Swift Dzire zxi fully loaded car,1675000,,,Manual - 2WD,silver,2013,power steering sounds system auto power window  manual AC  Android camera system  dual airbag  alloy wheels,,1300,Petrol,70000,Sedan
Brand New Conditioned Brezza Top Variant for Sale,4800000,2 years,,Manual2WD,Sizzling Red,2023,Top Variant including Sunroof and 360 camera,20,1462,Petrol,23000,CompactSUV
Nissan Sunny Super Saloon 2004 Auto Gear,825000,,,Auto - 2WD,White,2003,,12,1600,Petrol,94000,Sedan
⭐ Brezza Petrol – Like New | Well Maintained |,3600000,5,,Manual - 2WD,pearl white,2021,Sensers All led airbag and all,20,1500,Petrol,70000,SUV / Jeep
Kia seltos htk 2019 singlehand 30k kms fresh suv,3649999,,,Manual2WD,Steel silver,30000,,,1500,Petrol,30000,SUVJeep
HYUNDAI EON ERA PLUS CAR ON SALE,1238000,,,Manual2WD,Grey,2015,,,814,Petrol,52000,SmallHatchback
Only 37k km चलेको  Full option Single hand CretaSX,3600000,Personal Use,,Manual2WD,White,2016,Full Option,,1591,Petrol,37857,CompactSUV
Hyundai Creta Sx Plus 2016 Model Red Colour,3200000,Private,,Manual2WD,Red,2016,Full Option Model SX+,14km ,1600,Petrol,58075,CompactSUV
Hyundai I10 Magna 1.2 blue  2008,1100000,,No,Auto2WD,Blue,2008,Power window  steering  mannual ac,15,1200,Petrol,92700,CompactSUV
Volkswagen Passat Automatic 2013 Petrol On Sale ,3600000,,,Auto2WD,Grey ,2013,Dual-zone automatic climate control (“Climatronic”)   Keyless entry + push-button start   Bluetooth  USB  AUX connectivity   Safety: ABS  electronic stability control  hill-holder   6 airbags    Parking sensors,9,1800,Petrol,65000,Sedan
Fresh Santro   2013 model on sale ,1515000,Personal ,,Manual2WD,Marun ,2013,Semi option ,15-18 ,1100 CC ,Petrol,77000 KM Running ,MidSizeHatchback
Hyundai Grand i10 Magna 2018 Full Option,2230000,,,Manual - 2WD,Star dust ,2018,Dual airbags/ABS,18,1197,Petrol,40000,Mid Size Hatchback
Ford EcoSport Titanium+ Thunder 2020 | Top Model |,2950000,Personal Use,,Manual - 2WD,Dark Grey,2020,ABS  Airbags  Push Start  Reverse Camera  Alloy Wheels  Touchscreen  Keyless Entry,13,,Petrol,47000,Compact SUV
NEXON PETROL- SALE / EXCHANGE ,2500000,,,Auto2WD,,2018,,,1200,Petrol,,SUVJeep
Ford Ecosport Trend 2018 “Single Hand”,2350000,,,Manual - 2WD,D. White,2018,,,1497,Petrol,42356,Compact SUV
Like New Polo 1.0 Trendline on Sale,2000000,6 years,,Auto2WD,Grey Black,2018,,,999,Petrol,52000,SmallHatchback
white breeza petrol,3700000,,,Auto - 4WD,white,2021,,20,,Petrol,70000,Pickup
ECOSPORT ON URGENT SELL,2350000,,,Manual4WD,Whitw,2017,Dual Airbag Keyless Entry Remote Power Steering and Steering Mount Control 10Inch Original Touchscreen with Back Camera ABS,,,Petrol,70000,SUVJeep
Hundai tucson con=9851006331,1485000,,,,,,,,,,,
mazda 3,1300000,,,Manual - 2WD,,2007,,,,Petrol,,Others
Ford fiesta on sale...,1200000,personal use,6 monts engine warranty,Manual - 2WD,,2011,,16,1499,Petrol,76142,Sedan
Maruti Suzuki Esteem VXI  🔥 The King Is Back,509000,5 years ,No,Manual - 4WD,Silver ,2005,.,16,1300,Petrol,41000,Sedan
Hyundai i10 for sale 9816257083 ,2650000,Office,1,Auto2WD,Red,2021,All,Excellent ,1197,Petrol,4000,SUVJeep
2020 Peugeot 3008/suv/automatic/petrol/finance/car,5900000,,,Auto - 4WD,Cherry red,2020,Full,14,1500,Petrol,32000,SUV / Jeep
Kia picanto 2008,750000,,,Manual2WD,Blue,2008,,25,1000,Petrol,730000,SmallHatchback
HYUNDAI VERNA 2012MODEL,1600000,,,Manual - 4WD,,2012,,,,Petrol,,Others
Car on sell,1475000,Personal ,No,Auto2WD,Blue ,2010,Vest,14,1200,Petrol,69000,SmallHatchback
Kia spots 2010 model,2600000,,,Manual2WD,,2010,,,,Diesel,,CompactSUV
Swift ZXI 2018,2460000,,,Manual2WD,,2018,,,,Petrol,,MidSizeHatchback
Fiat Car,950000,,,Manual - 2WD,White,2014,,16,1400,Petrol,20500,Mid Size Hatchback
Venue Sx 2019 Hyundai,3500000,,,Manual - 2WD,Greay,2019,Top sx ,20,1000,Petrol,51,Compact SUV
Renault Kwid RXT O AMT 2021 Single Hand,1790000,,,Auto - 2WD,Outback bronze,2021,,,999,Petrol,32500,Small Hatchback
Hyundai i10 2009 urgent sale fix price no bargan ,935000,,,Manual2WD,Red,2009,Ac/ heater power steering ,13,1100,Petrol,70k,MidSizeHatchback
Proton X50,5100000,Personal,,Auto - 2WD,Orange,2022,Automatic Gear  ORVM  AIR BAGS  POWER WINDOW POWER STEERING  ALLOW WHEELS   AC    MUSIC SYSTEM  FOG LIGHT ABS AND MANY MORE .,15,1500,Petrol,25000,Compact SUV
Hyundai Getz getch full option fully loaded,625000,,,Manual - 2WD,Silver gray,2004,"Fresh luxurious car on sale and can even bring mechanic to inspect the car Fresh engine
Less running 
Full option Fully loaded
A/C for hot and cold 
Power window 
Power stearing 
Back camera 
D fogger 
New tyres 
Luxirious new seat 
10 inch lcd touch screen and car is also comfortable to drive...",15,1350,Petrol,,Small Hatchback
Maruti Suzuki Alto K10 2015 For Sale,1400000,10 Years ,Manufacturer/Importer ,Manual - 2WD,Silver ,2015,Power Windows  Power Steering  Air-Conditioning ,16,1000,Petrol,48000,Small Hatchback
Ford tdci classic 2013 for sell,960000,,,Auto - 2WD,silver,2013,,20,1200,Diesel,72000,Sedan
Maruti Suzuki Eeco cargo van ,1575000,,,Manual2WD,white,2022,ac/ parking sensor ,,1200,Petrol,357,Van
Kia seltos 2022 htk sell/ exchange ,3990000,3 years,,Manual2WD,Red,2022,2022 htk,12 to 14,1500,Petrol,43000,CompactSUV
Hyundai tucson 4wd,1275000,Personal,,Manual4WD,Morron,2008,Fully loadade,10,2000cc,Diesel,130000,SUVJeep
Tata tiago ev on sale ,2050000,,,Auto2WD,,2024,,,,Electric,,MidSizeHatchback
Alto car 2014,1125,7,,Auto2WD,Silver,2014,Semi options,20/22,800,Petrol,54K,MidSizeHatchback
Need Tata Tiago Urgent,1400000,,,Auto - 2WD,Any,2019,,,,Petrol,,Mid Size Hatchback
9841691209,1399,Personal,2,Manual - 2WD,White ,2021,Good,12,2956,Diesel,52000,Pickup
9841691209,1399,Personal,2,Manual - 2WD,White ,2021,Good,12,2956,Diesel,29000,Pickup
BYD Atto 3 Superior 2023 Model,4900000,,,Auto2WD,Grey,2023,,,,Electric,48500,CompactSUV
Skoda Rai Single Hand,1885000,4yrs,1yrs,Manual - 2WD,White,2019,Full option ,22,1500,Diesel,46000,Sedan
Hyundai I20 Active ,2500000,Private used,,Manual2WD,White,2016,Rear view camera  sensors,,1200,Petrol,53k,CompactSUV
Tata Telcoline Double cab,1075,,,Manual - 4WD,white,2015,,,2000,Diesel,47000,Pickup
tata ht,350000,office,no,Auto - 2WD,kirim,2010,,18,602,Diesel,170000,Pickup
Swift 2016 ZXI -9841173400,2000000,,,Manual2WD,,2016,,17,1200,Petrol,63000,SmallHatchback
Maruti Suzuki Breeza on sale,3150000,,,Manual - 2WD,Blue,2018,,22,1248,Diesel,50031,SUV / Jeep
Volkswagan Polo 1.2 comfortline 2012,1450000,Personal used. ,No,Manual2WD,Peeper grey,2012,Power window  company alloy wheel and many more.,12-15,1198,Petrol,61000,MidSizeHatchback
Pajero Mitsubishi,1750000,,,Manual - 4WD,Red,1993,,,2500,Diesel,,SUV / Jeep
Single user grandi10 Asta 2014 model on sale!,2050000,,,Manual - 2WD,silver,2014,full option,,1200,Petrol,51000,Mid Size Hatchback
excellent condition 2005 model sunny salon on sale,800000,,,Manual - 2WD,blue,2005,full option,,1600,Petrol,65000,Sedan
Automatic FordEcosport titanium 2015 model on sale,2450000,,,Auto - 2WD,golden silver,2015,full option,,1500,Petrol,45000,Compact SUV
Single user fordecosport 2016 model on sale!,1975000,,,Manual - 2WD,silver,2016,full option,,1500,Petrol,69000,Compact SUV
like a new fordfigo Zxi 2011 model on sale!,1050000,,,Manual - 2WD,golden silver,2011,full option,,1200,Petrol,53000,Mid Size Hatchback
Single user ford freestyle Trand 2020 on sale ,2150000,,,Manual2WD,Maroon red ,2020,Full option ,,1200,Petrol,30000,MidSizeHatchback
Excellent condition ford figo Zxi 2013 on sale ,1100000,,,Manual2WD,Silver ,2013,Full option ,,1200,Petrol,49000,MidSizeHatchback
Creta sx top varrient 2015 on sale,3175000,,No,Manual - 2WD,silver,2015,Full option,14,1591,Petrol,55000,Compact SUV
car,1050000,,,Auto - 2WD,,2008,,,,Petrol,,Small Hatchback
jepp,400000,,,Auto - 2WD,,1995,,,,Petrol,,SUV / Jeep
Ford EcoSport Titanium automatic 2015 on sale ,2450000,,,Manual2WD,Chill ,2015,Full option ,,1500,Petrol,45000,CompactSUV
Single user Nissan sunny 2005 on sale ,800000,,,Manual2WD,Dark blue ,2005,Full option ,,1600,Petrol,,Sedan
Excellent condition Renualt kwid RXT 2018 on sale ,1450000,,,Manual2WD,White ,2018,Full option ,,1000,Petrol,46000,MidSizeHatchback
Honda City 2007 model,999999,,,Manual - 4WD,,2007,,,,Petrol,,Others
Creta S 2016,3000000,,,Manual2WD,,2016,,,1600,Petrol,,CompactSUV
Land cruiser 1 and z 1994,1950000,personal,1,Manual - 4WD,silver,1994,"??3 door 
??ac heater 
??fresh interior 
??high ground clearance
??zero maintain cost 
??fully fresh land cruiser",8,4200,Diesel,1500000,SUV / Jeep
Chevrolet Aveo LS 1.4,850000,,No,Manual2WD,Grey,2011,ABS  Infotainment System  Reverse Camera,12-14,1400,Petrol,58000,Sedan
V cross 2017 for sell,3350000,,,Manual4WD,Grey,2017,Dual airbag. 4wd.,13 kmpl on highways,2499,Diesel,,Pickup
brezza zdi+ 2018,2850000,,,Manual - 2WD,,2018,,,1248,Diesel,51236,Compact SUV
Hyundai santro 2007 sell and,950000,,,Manual - 2WD,golden brown,2008,full option,14,1100,Petrol,79000,Small Hatchback
Nissan super salon auto 2007 sell and exchange,1050000,,,Auto - 2WD,golden silver,2007,full option,11,1500,Petrol,65000,Sedan
Hyundai i20 asta 2009 sell and exchange,1300000,,,Manual - 2WD,gry,2009,full option,14,1200,Petrol,62000,Small Hatchback
Kia picanto 2010 sell and exchange,900000,,,Manual - 2WD,grey,2010,full option,14,1100,Petrol,62000,Small Hatchback
Renault capture petrol push button 2018 sell/excha,2200000,,,Manual - 2WD,brown,2018,full option,14,1500,Petrol,65000,SUV / Jeep
Toyota Yaris sedan sell and exchange 2008,1175000,,,Manual - 2WD,silver,2008,full option,14,1200,Petrol,57000,Sedan
Kia soul ev 2018 sell and exchange,1850000,,,Auto - 2WD,white,2018,full option,180,81,Electric,60000,Small Hatchback
Kia Seltos 2020 Diesel with Banking Facility,3700000,,,Manual2WD,,2020,,,,Diesel,57000,CompactSUV
Renault Duster 4wd Rxz 2016,2050000,,,Manual - 2WD,,2016,,,,Diesel,,SUV / Jeep
Nissan Kicks XV 14 Lakhs Cash 15 Finance,2900000,,,Manual - 2WD,Silver,2019,,,1500,Diesel,,Compact SUV
SINGLE HANDED FULLY LOADED MITSUBISHI OUTLENDER SA,4600000,8 years,,Auto - 4WD,Silver,2015,Airbag power window power stering ac heater music system back camera sensor autogesr 4wd allowheel many more,13,2300,Petrol,86000,SUV / Jeep
Ford Fiesta Classic 2012 diesel,825000,,,Manual2WD,,2012,,,1400,Diesel,60000,Sedan
475000 All Tax Cleared,475000,,,Manual - 2WD,,2004,,,,Petrol,,Mid Size Hatchback
Celerio AGS Needed,15,,,Auto2WD,Silver,2021 and Later,,,998,Petrol,,SmallHatchback
Maruti Suzuki Alto K10 Vxi,999999,13,no,Manual - 2WD,sun red,2012,A/C,16,999,Petrol,87500,Small Hatchback
s10 pikup 2020 model 4wd,3450000,,,Manual - 4WD,,2020,,,,Diesel,,SUV / Jeep
Mahindra Thar on sale,2950000,,,Manual - 4WD,,2016,,,,Diesel,,SUV / Jeep
Maruti Alto k10 2014 vxi model sale,1150000,,,Manual - 2WD,orange,2014,fulloption,14,1000,Petrol,65000,Mid Size Hatchback
Daihatsu Terios 2010 model sale,2450000,,,Auto - 4WD,gray,2010,fulloption,14,1300,Petrol,81000,SUV / Jeep
excellent condition ecosport on sell,1500000,,,Manual - 2WD,silver,2013,,,1000,Petrol,90000,Compact SUV
Suzuki Celerio VXI 2014,1600000,Personal use,1.5 year engine,Auto - 2WD,White,2014,Power window Auto gear  Back camera sensor Digital meter Sound system etc,18,1000,Petrol,54000,Small Hatchback
Dual User,1375000,,,Manual - 2WD,Maroon Red,2010,,14,1200,Petrol,58000,Mid Size Hatchback
Atto3 superior 2023 model ski white,5000000,2 yrs,8+ yrs,Auto2WD,Ski white ,2023,ABS WITH EBD ESC 7 airbags 8 speakers wireless apple car play and android auto  wireless charging power steering sunroof 159+ voice command MC phurson struat front suspension and torsion beam rear suspension  automatic power tail gate(automatic dicky open and close)etc and many nore,420+,60kwh,Electric,28000,CompactSUV
Tata Zest XT 2015 (Diesel  Engine),1475000,Normal Household,No warranty,Manual2WD,Dark Grey,2015,Tata Zest XT Diesel 2015 – Top Variant ?? Powerful 1.3 L Quadrajet engine | Dual Airbags | ABS | Alloy wheels | Harman Music System | Excellent mileage (18+ km/l) | Well maintained  single owner.,18,1200,Diesel,60000,Sedan
Hyundai I20 Asta Dsl 2010 Urjent Sale 9841090856,1375000,Afew,,Manual - 2WD,Silver,2010,Fully loaded,19,1300,Diesel,73000,Small Hatchback
Swift Auto Gear Zxi,2650000,,,Auto - 2WD,Grey,2018,,18,1200,Petrol,,Small Hatchback
mg4 luxury variant || 440 km rang,4200000,1 year,,Auto - 2WD,orange ,2024,,440,99,Electric,27000,Mid Size Hatchback
Nissan super salon 2007 auto gear sell and exchang,1050000,,,Auto - 2WD,silver,2007,full option,14,1500,Petrol,65000,Sedan
Volkswagen polo1.6 2018 highlin seell and exchang,1850000,,,Manual - 2WD,silver,2018,full option,14,1600,Petrol,42000,Small Hatchback
Renault Kiger RXZ_Full Options,2600000,4,,Manual4WD,Silver,2021,Full Options,17,1000,Petrol,41500,SUVJeep
Isuzu D-max Scap 2021 2WD,3150000,3 year,,Manual - 2WD,White,2021,,13,2499,Diesel,45000,Pickup
VOLKSWAGEN TIGUAN AUTO ON SALE,2399999,,,Auto - 4WD,White,2011,,14,2000,Diesel,78000,SUV / Jeep
Maruti Suzuki Swift vxi 2008 model  Urgent Sale,1200000,,,Manual2WD,Grey,2008,Full Option (Power Window  Power Steering  Central Locking  Child Lock  Anti-Lock Braking System (ABS)  Manual AC) ,,1298,Petrol,70000,MidSizeHatchback
i20 asta,1390000,2 year,no,Manual - 2WD,grey,2010,full option,14,1200,Petrol,52000,Mid Size Hatchback
Honda WRV 1.5,3300000,Personal,,Manual - 2WD,Silver,2018,Soon-roof  Power Windows  Power Steering  Steering wheel mounted controls  Keyless push start bottom  duelAirbags  Air Condition  Touch Screen  Music System  Center Locking  Fog Lights  Rear Camera etc.,18,1500,Diesel,43000,Compact SUV
Hyundai Santro Sportz,2250000,Personal,,Manual - 2WD,Marun,2019,Remote Key  Power Windows  Power Steering  Steering wheel mounted controls  Airbags  Air Condition  Touch Screen  Music System  Center Locking  Fog Lights   etc.,15,1086,Petrol,49000,Mid Size Hatchback
Tata Tiago Ev,2500000,Personal,,Auto - 2WD,Light blue,2023,airbags  Power Windows  Power Steering  Steering wheel mounted controls    Touch screen  Ac  Music System    Rear Camera etc.,,,Electric,53000,Mid Size Hatchback
Peugeot 3008 GT Line 2019 Model for sale!!!,6500000,,,Auto - 2WD,Grey,2019,Full Option,13,1600,Petrol,,SUV / Jeep
Urgent sale Maruti Suzuki Zen,580000,2 years,No,Manual2WD,Silver,2006,AC  Heater  Bluetooth music  speakers  new tyres  good mileage  spacious  comfortable,City: 14-16/L  Highway: 22-25/L,1000,Petrol,132000,SmallHatchback
Renault Duster petrol jeep bikri maa,2150000,personal,N/A,Manual - 2WD,silver,2017,air conditioner power steering power windows etc,12,1500,Petrol,80500,SUV / Jeep
magna santro on sale!!!🔥🔥,2300000,,,Manual - 2WD,red,2021,,,1100,Petrol,,Small Hatchback
single hand santro on sale!!,2250000,,,Manual - 2WD,silver,2012,,,1100,Petrol,,Small Hatchback
creta s gasoline ,2799000,,,Manual2WD,white,2015,,,1600,Petrol,62000,SUVJeep
Grand i10 magna Urgent sell ‼️‼️,17000000,personal use,,Manual - 2WD,grey,2013,,,1200,Petrol,450000,Small Hatchback
Stock Rim With Good Condition Tyres,20000,,,Manual - 2WD,,2017,,,,Petrol,,Small Hatchback
Kia Seltos 2023 Htx Ivt,6100000,Family,Yes,Auto - 2WD,White,2023,Full option automatic transmission ,10,1500,Petrol,10000,SUV / Jeep
Maruti Suzuki Celerio Zxi+ 2022 model for sale ,2800000,,,Manual2WD,Brown,2022,,,1000,Petrol,32000,MidSizeHatchback
Zotyo Jeep 2008 model sale&exchange 9851412829,675,,,Auto2WD,Brown ,2008,,12/13,1299,Petrol,,CompactSUV
Urgent Suzuki swift vxi for sell,1425000,,,Manual2WD,Silver,2012,,,497,Petrol,,Others
Prado dual ac 2008 model on sale 9860797831,6200000,Personal ,,Manual4WD,White,2008,Full option ,10,3000,Diesel,96000,SUVJeep
Baleno delta 2016 model on sale!,1950000,,,Manual - 2WD,gray,2016,full option,,1200,Petrol,63000,Mid Size Hatchback
Kia Soul 2018 model Electric for sale ,1850000,,,Auto2WD,White,2018,,,,Electric,62000,CompactSUV
Banker’s Driven Baleno Delta 2019,2250000,Home to office,,Manual2WD,Grey,2019,Delta model features,,1199,Petrol,42000,MidSizeHatchback
syantro urgent sell,575000,Personal,No,Manual2WD,Blue,2001,Semi option,15,1000,Petrol,77000,SmallHatchback
Hyundai sentro 2019 model Magna full apshan on sal,1950000,,,Manual - 2WD,marun,2019,,,1086,Petrol,39600,Mid Size Hatchback
Ford Figo Aspire 2018,1750000,,,Manual - 2WD,Red,2018,,,1194,Petrol,,Mid Size Hatchback
Hyundai Grand i10 Magna  2018,2250000,Personal use,,Manual - 2WD,Silver,2018,,,1197,Petrol,,Small Hatchback
KIA SELTOS HTX DSL 2020,4600000,Personal,,Manual - 2WD,Red,2020,Boss music system airbags  ventilated seats  Power Windows  Power Steering  Steering wheel mounted controls  Keyless Entry    automobile charger soonroof  Air Condition  Touch Screen  Music System  Center Locking  Fog Lights  Rear Camera etc.,18,1500,Diesel,35000,Compact SUV
KIA SELTOS HTX 2020,4600000,Personal,,Manual - 2WD,White,2020,Boss music system airbags  ventilated seats  Power Windows  Power Steering  Steering wheel mounted controls  Keyless Entry    automobile charger soonroof  Air Condition  Touch Screen  Music System  Center Locking  Fog Lights  Rear Camera etc.,18,1500,Diesel,35000,Compact SUV
EON ERA+2014 model Car blue color-9851159949,1100000,,,Manual4WD,slight blue,2014,,,800,Petrol,,Others
2008 Model Full Option,625000,,,Manual - 2WD,,2008,,,,Petrol,,Sedan
Santro,360000,,,Manual - 2WD,,1999,,,,Petrol,,Sedan
TATA BUS 712/42 Ex,2200000,Public Vehicle,No,Manual2WD,Red  White  Blue  Black ,2016,Full Condition  Sensor system  hydraulic system  GPS Tracking,4.5,3783,Diesel,1 20 000,Bus
grand vitara 1992 model best for offroad,765000,,,Manual - 4WD,,1992,,16,1600,Petrol,,SUV / Jeep
"FORD KUGA SUV 2600CC 

AMERICAN OFF ROAD JEEP 

गा",2790000,,,Manual - 4WD,,2012,,15,2400,Diesel,,SUV / Jeep
I20 Elite Asta 2016,2295000,8 years,,Manual - 2WD,Silver,2016,Automatic headlight Auto ac rear wiper and defogger auto dimming rear view mirror auto foldable mirror ,12,1200,Petrol,59000,Mid Size Hatchback
"Landrover freelander 1 
2006 model ko Gadi 
100% s",2580000,,,Manual - 4WD,,2006,,15,2200,Diesel,,SUV / Jeep
Toyota Fortuner 2012,6650000,,,Manual4WD,Metallicgrey,2012,,,3000,Diesel,106000,SUVJeep
2012 Fresh Nano AC/Heater  Power Window ,345000,Personal ,No,Manual2WD,Gray Silver,2012,Semi Options ,22,600,Petrol,52000,SmallHatchback
Honda Amaze 2014 - Petrol - Silver,1450000,5 years ,,Auto - 2WD,Silver ,2014,,14,1200,Petrol,69000,Sedan
good condition car Toyota etios vx,1500000,4 Year,no,Manual - 2WD,silver,2013,good,14,1300,Petrol,56000,Sedan
Brand New Tata Tiago Top Variant 2024,2450000,,8 years or 1  60  000 km,Auto2WD,Tropical Mist,2024,Automatic Projector Headlamps  Automatic Climate Control A/C  Rain Sensor Wipers  Dual Airbags  6 way Adjustable Driver Seat  Electrically ORVMs  Android Auto and Apple CarPlay  Harman Speakers  Punture Repair Kit and many more,185 km in a single charge,49.01 kW Motor,Electric,7000,MidSizeHatchback
Mahindra Scorpio 2012 M2DI Full fresh Ma,1350000,,,Manual - 2WD,,2012,,,,Diesel,,Compact SUV
Ford Freestyle (White ),1800000,3,No ,Manual - 2WD,White ,2019,All the features are available ,16,1194,Petrol,90000,Others
👉 “Urgent Sale – Hyundai Santro | Excellent Condition | Ready to Drive”,1119000,2 months ,,Auto - 2WD,Gray,2009,? Well Maintained – Excellent mechanical and body condition  no maintenance required. ?? 5 Brand New Tires – Recently replaced for a smooth and safe drive. ?? Back Camera with LED Display – Enhanced parking and reversing convenience. ?? Power Steering – Easy and comfortable handling. ?? Tax Cleared till 2083 – No pending dues or liabilities. ??? Full Insurance – Covered and protected  drive with peace of mind. ?? Ready to Drive – Everything in perfect working order  no extra costs needed.,14,1086,Petrol,67000,Others
Hyundai santro 2007 sell and exchange,950000,,,Manual - 2WD,silver,2007,full option,14,1100,Petrol,79000,Small Hatchback
Hyundai santro 2006 sell and exchange,850000,,,Manual - 2WD,black,2006,full option,14,1100,Petrol,78000,Small Hatchback
toyota hilux,1200000,,,Manual4WD,,1995,,,2800,Diesel,,Pickup
Full option Swift car for rent ,4000,,,Manual2WD,,2016,,,1200,Petrol,25000,Sedan
Mg4 ev ,3300000,1 year,As per the company rule,Auto2WD,Red,2023,Rear wheel drive ,340km in a single charge ,,Electric,20000,MidSizeHatchback
Mahindra Supro cargo van,900000,Transfer of heavy weight things.,no,Manual - 2WD,white,2019,Allow 3 people to sit at front with out getting fine.,20,1000,Diesel,42000,Van
"hyundai creta sx 2022 model 
call no 9861317091",5800000,,,Manual - 2WD,grea,2022,,,1197,Petrol,32000,SUV / Jeep
SINGLE HANDED TATA NEXON XZ+LUX FOR SALE,2950000,2 years,3 years,Auto - 2WD,white,2023,air bag sunroof alloywheel abs stering music control  orvm key lesh remote  pushbottom start many more...,250,100,Electric,22000,Compact SUV
Mahindra Thar 2017 Model ( Single Handed ),2950000,,,Manual - 4WD,Red ,2017,Four wheel drive with a/c,,2500,Diesel,46000,SUV / Jeep
Hyundai I20 Active’s,2495000,Personal,,Auto - 2WD,White,2016,Ac heater led back camera air bag all available ,14,1200,Petrol,640000,Others
Chevrolet UVA 2012,850000,,,Manual2WD,,2012,,,,Petrol,,MidSizeHatchback
Nissan Super Saloon 2008 -5lakh Rest EMI,500000,,,Manual - 2WD,,2008,,,,Petrol,,Sedan
Brand New Creta SX 2021 With Panoramic Sunroof,5299999,,,Manual2WD,,2021,,,,Petrol,,CompactSUV
Dongfeng Nammi BOX 2025 Model,3200000,Personal,,Auto - 2WD,Sky Blue,2025,Full Option,,,Electric,,Compact SUV
Hyundai Santro Magna AMT 2019 Model,2200000,,,Auto2WD,Grey,2019,,,1086,Petrol,42157,MidSizeHatchback
Nissan Navara VL 2018 Single Hand,5950000,,,Auto - 4WD,Brown,2018,,,2488,Diesel,37000,Pickup
Hyundai Creta Sx 2019 Model,4175000,,,Manual - 2WD,Polor white,2019,,,1591,Petrol,55853,Compact SUV
Hyundai Grand i10 Nios Magna,2775000,,,Manual2WD,silver,2021,power stearing  power window  dual air bag  touchscreen display back camera  and many more ,,1200,Petrol,30000,SmallHatchback
2022 Kona EV on Sale,4400000,3 years,7 years,Auto2WD,White,2022,Auto Hold  Apple CarPlay/Android Auto  heated seats  blind-spot monitoring  adaptive cruise  lane-keeping assist,350 to 380 KM,39 kWh,Electric,20000,CompactSUV
Kona EV 2022 Model,4550000,,,Auto - 2WD,White,2022, Airbags  power steering  power windows  heated leather seat  cruise control  air condition  fog light lcd infotainment system  projected headlamp  traction control  alloy wheels and many more,,100,Electric,20800,Compact SUV
UVA,675000,,,Manual - 2WD,,2009,,,,Petrol,,Sedan
brezza zxi+ petrol,3600000,,,Manual2WD,,2020,,,1500,Petrol,45000,CompactSUV
Peugeot 3008 Allure 2.0 HDi Diesel 2018 – Sunroof,7200000,Personal,,Auto2WD,Copper,2018,Panoramic Sunroof  Peugeot i-Cockpit Digital Dashboard  Leather Seats & Premium Interior Finish  Cruise Control & Auto Climate AC  Reverse Camera & Parking Sensors  Alloy Wheels & Fog Lamps  Touchscreen Infotainment with Bluetooth & Navigation  Keyless Entry / Push Start  ABS  Airbags  ESP Safety Package,15 – 16 km/l (Combined Average),1997,Diesel,53000,SUVJeep
2012 Model omni van sale,450,,,Manual2WD,,2012,,16,800,Petrol,85000,Van
venue 1.2 s,3375000,,,Manual2WD,white,2021,,,1200,Petrol,42000,SUVJeep
Suzuki WagonR Vxi 2012,1250000,,,Manual - 2WD,silver,2012,,,1000,Petrol,74000,Mid Size Hatchback
Creta Sxplus 2016 Petrol 1.6 Like New,3275000,,2 years full warrenty,Manual - 2WD,,2016,,19,1600,Petrol,70000,SUV / Jeep
Suzuki Swift 2015 ZXI Full option with Push Bottom,1925000,10,no,Manual2WD,RED,2015,Full option with Push bottom start  ,14,1199,Petrol,54400,SmallHatchback
Volkswagen Cross Polo 1.6 2016 Highline,1875000,,,Manual - 2WD,Flash red,2016,,,1598,Petrol,44000,Small Hatchback
Ford Freestyle Titanium 2021 Single Hand,2090000,,,Manual - 2WD,Smoke grey,2021,,,1191,Petrol,44000,Small Hatchback
Honda Brio Car Silver Color-2013 Model,1250000,Office ,,Manual2WD,Silver,2013,Power Window  Power Steering,13-18,1200,Petrol,58560,Others
EcoSport 2014 trend,1675000,,,Manual - 2WD,grey,2014,power steering power windows steering control electric orbm abs,13,1500,Petrol,57000,SUV / Jeep
2018 Tiago Nrg singlehand sale exng 50%bank loan. ,1850000,,,Manual2WD,Grey ,2018,,,1200,Petrol,46000,MidSizeHatchback
2021 kwid climber singlehand low run doctor use,1850000,,,Manual2WD,Green,2021,,,1000,Petrol,17500,MidSizeHatchback
Ecosport,1725000,,,Manual - 2WD,silver,2014,semi option,,1500,Petrol,,Compact SUV
Hyundai Grand I10 Asta 2014 Excellent condition ,1975000,,,Manual - 2WD,Star dust,2014,,,1197,Petrol,48000,Small Hatchback
Maruti Suzuki Alto 800 LXI 2016 For Sale,1350000,9 Years ,Manufacturer/Importer ,Manual - 2WD,Grey ,2016,Power Windows  Power Steering  Air-Conditioning ,16,800,Petrol,54000,Small Hatchback
car,1400000,personal use,,Auto - 4WD,blue,1998,full option,13,1100,Petrol,65000,SUV / Jeep
car,725,,,Auto - 2WD,morun,2008,,10,,Petrol,,Small Hatchback
tata nexon xz+ 2018 single hand,2800000,,,Manual - 2WD,maroon red,2018,,,1496,Diesel,62000,Mid Size Hatchback
for deepal rims and tyre with fresh condition,123,deepal,365 days,Manual - 2WD,black,2025,dhukka,25,2800,Electric,50000,Others
Ford Freestyle titanium 2021 only run 19K km ,2350000,valley use,,Manual2WD,grey,2021,full option,,1200,Petrol,19000,MidSizeHatchback
Car-Hyundai Santro Gl Plus,1550000,,,Manual - 2WD,Maharaja Red,2013,,15,1100,Petrol,,Small Hatchback
Kia Seltos HTK,4190000,,,Manual - 2WD,White,2022,,,1500,Petrol,36000,Compact SUV
Fresh Grand I10magna 18 Model Car For Sale,2275000,,,Manual - 2WD,Silver ,2018,,,,Petrol,45000,Mid Size Hatchback
Eeco Van,1250000,,,Auto - 4WD,Grey,2013,,12,1200,Petrol,84000,Van
Full Option 2024 BMW iX3 Electric,21200000,,,Auto2WD,Grey,2024,,,210 kw,Electric,14000,SUVJeep
Single Owner Full Option 2015 Etios Cross V,1950000,,,Manual2WD,Grey,2015,,,1500,Petrol,70000,MidSizeHatchback
Single Owner 2018 Hyundai i20 Active Base,2675000,,,Manual2WD,White,2018,,,1200,Petrol,47000,MidSizeHatchback
Full Option 2021 Kia Seltos HTX (w/Full History),4775000,,,Manual2WD,White,2021,,,1500,Petrol,24000,SUVJeep
santro single hand,1350000,one,,Manual - 2WD,maroon red,2012,,16,1100,Petrol,98000,Mid Size Hatchback
2020 Hyundai Santro Era (w/Full Service History),2055000,,,Manual2WD,Silver,2020,,,1100,Petrol,48000,SmallHatchback
Brezza ZDI+ 2018 on sale,2850000,5 years,,Manual2WD,white and blue,2018,full option / top varient,18-20,1248,Diesel,64000,SUVJeep
Tata Nexon XZ+ Diesel 2018  running 38000km  28 L,2800000,Personal / Family,Manufacturer,Manual - 2WD,Bright Silver,2018,Full option,24,1496,Diesel,38000,Compact SUV
"FORD KUGA SUV 2600CC 

AMERICAN OFF ROAD JEEP 

गा",2050000,,,Manual - 4WD,,2012,,18,1800,Petrol,,SUV / Jeep
Ford Kuga suv 2600cc,28,,,Auto - 2WD,,2012,,,26000,Petrol,,SUV / Jeep
Eeco Cargo 2020 For Sale And Exchange,1150000,,,Manual - 2WD,White,2020,,16,1200,Petrol,40100,Van
hyundai creta sx+ 2015 model,3175000,10,,Manual2WD,red,1015,full option,,1500,Petrol,20000,CompactSUV
Honda City,1625000,,,Manual - 2WD,,2013,,,1500,Petrol,,Sedan
Kwid 2017,1150000,,,Manual - 2WD,Gray,2017,Full option,17,800,Petrol,42000,Small Hatchback
Indica Petrol 2015,849000,,,Manual - 2WD,Red,2015,Full option,18,1200,Petrol,52000,Mid Size Hatchback
Hyundai Creta Ex “Single Hand” 2020,4050000,,,Manual - 2WD,Red Mulberry,2020,,,1497,Petrol,,SUV / Jeep
Brezza zdi+ 2016 Model,2700000,Personal used car,,Manual2WD,Red and black,2016,Power steering  ABS  automatic AC  alloywheel and many more.,15-18,1248,Diesel,46000,CompactSUV
good  condition car Toyota etios vx,1525000,4 Year,no,Manual - 2WD,silver,2013,good,15,1500,Petrol,55500,Sedan
Hyundai Sonata 2010,2800000,,,Manual - 2WD,Black,2010,,,2400,Petrol,45000,Sedan
swift dsire ,1100000,,,Manual2WD,blue,2009,,15,1300,Petrol,75000,MidSizeHatchback
Single User like new  Ford Figo 2013 Model on sale,1100000,,,Manual2WD,Silver,2013,Semi option,12,1200,Petrol,48000,MidSizeHatchback
Hyundai Grand I10 Magna 2015,1970000,,,Manual2WD,Silver,2015,,,1197,Petrol,62000,MidSizeHatchback
Alto K10 VXI 2011 MODEL FIXED PRICE,850000,,,Manual2WD,,2011,,15-18,999,Petrol,,SmallHatchback
Suzuki Brezza [smart hybrid],4550000,Private ,No warranty ,Manual - 2WD,Red,2023,Power steering  power window (auto) air condition  double air bags lcd touch screen music system steering mount controller system back camera  back sensor steering mount controller system (push start)key less system electric power mirror system leather seats projected head light fog light  (abs) breaking system alloy wheels center lock.,18,1461,Hybrid,36000,Compact SUV
Omni van 2014 model,725000,,,Manual - 2WD,,2014,,,,Petrol,,Van
Jeep Compass Model S 4x4 Diesel  Auto Urgent Sale,9300000,,,Auto4WD,Black,2021,6 airbags  4x4  360 degree camera  AT  Dual-pane panoramic sunroof and many more,12,2000,Diesel,26000,CompactSUV
Suzuki Baleno 2016,1850000,,,Manual2WD,Blue,2016,,,1200,Petrol,57000,MidSizeHatchback
Seres 3 for rent,10000,,,Auto2WD,,2024,,,,Electric,,CompactSUV
Maruti Suzuki Breeza Zdi* 2018 model for sale ,3150000,,,Manual2WD,Maroon,2018,,,1248,Diesel,62000,CompactSUV
Hyundai I20 Magna 2009,1290000,,,Manual2WD,Silver,2009,,,1197,Petrol,,SmallHatchback
Datsun ,1250000,,,Manual2WD,Gray,2017,,,1200,Petrol,64,SmallHatchback
Tata Tiago Full option,2250000,,,Auto - 2WD,,2023,,,,Electric,30000,Small Hatchback
Hyundai Santro GLS 2008,1050000,,,Manual2WD,Silver,2008,,,1086,Petrol,71236,SmallHatchback
Dongfeng Box E2,2975000,,,Auto - 2WD,Neon,2024,,,280,Electric,300,Small Hatchback
"Mahindra E Verito D6 ""Single Hand"" 2018",1250000,,,Auto2WD,White,2018,,,30.5 KW,Electric,55152,Sedan
Maruti Suzuki Swift Dzire VXi 2013 ,1575000,,,Manual2WD,Golden,2013,,,1197,Petrol,68000,Sedan
Skoda laura,1150000,,,Manual2WD,Light green,2009,,,1900,Diesel,90000,Sedan
TATA EV TAXI 2024,4325000,8 MONTH,INCLUDED,Auto2WD,WHITE,2024,AC POWER WINDOW,2000,48KW,Electric,30000,Sedan
Scorpio dubble cab 📞📞📞9823379636,1725000,,,Manual4WD,,2014,,,,Diesel,70000,Pickup
Santro xing 📞📞📞9823379636,1050000,,,Manual2WD,,2009,,,1087,Petrol,65000,MidSizeHatchback
Datsun go 2017 model on sale,1225000,,No,Manual - 2WD,grey,2017,Full option,14,1200,Petrol,55500,Small Hatchback
Skoda rapid ,1375000,Personal,No,Manual2WD,Grey,2014,All,15,1600,Diesel,66000,Sedan
Hyundai i10 magna 2016 sell and exchange,1775000,,,Auto - 2WD,silver,2016,full option,14,1100,Petrol,35000,Small Hatchback
Hyundai i20 asta 2009 sell and exchange,1250000,,,Manual - 2WD,grey,2009,full option,14,1200,Petrol,62000,Small Hatchback
Full Option 2016 Mitsubishi Pajero Sport,9500000,,,Auto4WD,Silver,2016,,,2400,Diesel,44000,SUVJeep
suzuki swift DZiRE,990000,,,Manual - 4WD,,2009,,,1298,Petrol,,Sedan
Alto New shape 2016,2725000,9 Years,Insurance ,Manual - 2WD,White,2016,Heater Only,16,796,Petrol,375000,Small Hatchback
Diesel AWD Kia Sportage,5000000,,,Manual4WD,Silver,2016,,,2000,Diesel,47885,SUVJeep
Hyundai I10 Magna 2016 Single Hand,1675000,,,Manual - 2WD,Star Dust,2016,,,1086,Petrol,53000,Small Hatchback
Ford ecosport 2020 trend sell/exchange,2550000,5 years,,Manual2WD,white ,2020,2020 trend full option ,12,1500,Petrol,43000,CompactSUV
Suzuki AStar VXI 2013 Excellent Condition,1290000,,,Manual - 2WD,Silky Silver,2013,,,998,Petrol,55000,Small Hatchback
i10 भन्दा धेरै feature भयको luxury malaysian no-1,625000,personal uses,,Manual2WD,Silver ,2008 October,Excellent condition.,14km in city 18km in highway ,1100,Petrol,44000 ,SmallHatchback
Seres 3 premium fresh condition,4400000,Personal use,,Auto4WD,Black,2024,,,,Electric,12000,SUVJeep
Maruti Suzuki Swift ZXI 2016 Model,2100000,Personal,,Manual - 2WD,Silver,2016,Full Option,,1200,Petrol,,Mid Size Hatchback
BYD E6 2022 Model,3500000,Personal,,Auto - 2WD,Black,2022,Automatic Transmission  full Option,,,Electric,,Compact SUV
Urgently selling White Suzuki Omni (2019 model),830000,bakery delivery,no,Manual2WD,white,2019,,91 300,800,Petrol,,Van
Santro Sports 2010 Hyundai,2200000,,,Manual - 2WD,Marun,2019,Top options airbags abs power steering  window ac ,20,1086,Petrol,41000,Small Hatchback
Honda city 2013 like  new,1625000,,,Manual2WD,silvet,2013,,,1400,Petrol,44132,Sedan
Kicks Nissan Xv Premium 1500 Cc Petrol,3700000,,,Manual - 2WD,Silver,2021,Airbgs abs 1500 cc petrol 39 k only run allows wheels,15,1500,Petrol,35000,Compact SUV
Hyundai i10  2009,1025000,,,Manual2WD,,2009,,,1100,Petrol,68509,SmallHatchback
SUZUKI VITARA 1992MODEL (4×4) 50% FINANCE ✅,740000,,,Manual - 4WD,,1992,,,1600,Petrol,,SUV / Jeep
Toyota Yaris,1250000,personal,,Manual - 2WD,red,2008,,,1300,Petrol,80000,Sedan
Super saloon 2007 Model sedan ✅ 50% finance,880000,,,Manual - 2WD,,2007,,,1600,Petrol,,Sedan
Ford festa   2010,825000,,,Manual2WD,,2010,,,1400,Petrol,58976,Sedan
Urgent sale Hyundai Eon delite plus 9861840690,990000,2 years,,Manual2WD,Sleek Silver,2013 Dec,Power steering AC .centrsl locking music system,17 km/l,800,Petrol,60 000,SmallHatchback
Ufo suv jeep 2011 ,1025000,,,Manual2WD,,2011,,,1400,Petrol,65432,SUVJeep
Hyuandai  I10  Aastha car for sale/. 9841387347,2200000,New,No,Auto2WD,Silver,2015,Abs system   air bag  ovrm  steering control mount  full option ,15/17,1200,Petrol,56k,MidSizeHatchback
2010 Model,525000,,,Manual - 2WD,,2010,,,,Petrol,,Van
"Toyota Soluna On Sale
9841729010",625000,Home to office,Na,Manual - 2WD,Silver/Blue,2001,Full option car with airbags  power steering  A/c,10,1500,Petrol,85000,Sedan
1300cc Myvi 2010 model,899000,15 years,no,Manual - 2WD,red,2010,full option with air bag,15,1300,Petrol,65000,Mid Size Hatchback
Hyundai i20 asta 2009 sell and exchange,1250000,,,Manual - 2WD,gray,2009,full option,14,1200,Petrol,62000,Small Hatchback
Swift Zxi 2016,2250000,,,Manual - 2WD,,2016,,,,Petrol,,Small Hatchback
Skoda Rapid,1725000,personal,,Manual - 2WD,metallic silver,2017,Airbag abs  electric mirror touch screen music system with subwoofer rear defoger  etc,14,1500,Diesel,85000,Sedan
Hyundai Santro Xing Full Option 2004,725000,,,Manual - 2WD,,2004,,,,Petrol,,Small Hatchback
Kia Seltos HTX IVT Autogear 2021,5250000,,,Auto - 2WD,,2021,,,,Petrol,,SUV / Jeep
toyota soluna,675000,prsonel,,Auto - 2WD,,2001,,14,1500,Petrol,150000,Sedan
SRM MAGIC SCHOOL VAN 220KM RANGE ,3699000,,6 years ,Auto2WD,,2025,AC   Reverse camera  aluminum flooring  Power steering  200+ Km real range.,200km,,Electric,,Van
Ford ecosport titanium ,2235000,,,Auto2WD,,2016,,14 15,1500,Petrol,52000,CompactSUV
Datsun Go 2019 Model New Shape,1575000,,,Manual - 2WD,Grey,2019,Power Window   Power Steering   Dual Airbags  ABS  Electric ORVM  Central Lock   Alloy Wheels   Tubeless Tyres   Air Conditioner - Manual ,15,1200,Petrol,49000,Small Hatchback
viva,875000,,,Manual - 2WD,black Red,20010,,,1200,Petrol,,Sedan
Hyundai  i10,1025000,,,Manual - 2WD,blue,2009,,,1100,Petrol,65000,Sedan
Hyundai i10 2009 asta,1425000,,,Manual2WD,Grey,2009,,13kmpl,1197,Petrol,65000,SmallHatchback
Hyundai i20 Active ,2550000,,,Manual2WD,Red,2018 model,Fully automatic Air condition   power window   key lock system ,,1200 cc,Petrol,,MidSizeHatchback
polo 1.6 highline ,1825000,,,Manual2WD,silver,2014,,,1200,Petrol,52000,MidSizeHatchback
grand i10 nios sportz,2925000,,,Manual2WD,silver,2021,,,1200,Petrol,57000,MidSizeHatchback
Maruti suzuki swift VXI,1550000,,,Manual2WD,silver,2012 model,Power Steering   Air Conditioning    Power Windows,,1200 cc,Petrol,,MidSizeHatchback
Omni cargo van,375000,,,Auto - 2WD,White,2010,,,796,Petrol,84000,Compact SUV
Alto 800,725000,,,Auto - 2WD,Red,2007,,16,800,Petrol,92000,Small Hatchback
Datsun redi go,1050000,,,Auto - 2WD,Red,2018,Ac  power window  power steering......,18,1000,Petrol,56000,Mid Size Hatchback
Alto 800 LXI,1350000,,,Auto - 2WD,Gey,2016,Ac  power window  power steering  wheel cover company couler,17,800,Petrol,74000,Mid Size Hatchback
i10 megna 9843049135,1225,M,N,Manual2WD,Kaleji,2009,Full option ,12/15,1200,Petrol,80/90,SmallHatchback
Car on rent,5500,,,Manual - 2WD,,2012,,,,Petrol,,Sedan
Subaru Japanese Jeep,1600000,17 years ,No,Manual - 4WD,Silver ,2007,4wd suv ,8,2500,Petrol,78000,SUV / Jeep
Rav4,1200000,26 years ,No,Manual - 4WD,Green ,1998,4wd jeep ,9,2000,Petrol,115000,SUV / Jeep
Land Rover,1600000,25 years ,No,Manual - 2WD,Blue ,1999,Suv jeep ,12,2000,Diesel,90000,SUV / Jeep
Pajero 4WD Suv Jeep,1000000,35 years ,No,Manual - 4WD,Silver golden ,1990,Suv 4WD ,12,2500,Diesel,150000,SUV / Jeep
 I20 Astha (Full option)2013 model is in sell,1700000,personal,,Auto2WD,silky silver,2013,,16,1200,Petrol,80000,SmallHatchback
my number is 9861474613 spark very fresh,800000,12 years,6 month,Manual2WD,golden,2013,old full option,14,998,Petrol,32000,SmallHatchback
NISSAN SUPER SALON ..sedan,1300000,,,Manual - 2WD,grey,2012,,12,1600,Petrol,69000,Sedan
CARGO VAN MODEL 2017,550000,,,Auto - 2WD,,2017,,,796,Petrol,,Van
FORCE TRAX CRUISER ,1600000,,,Auto2WD,Grey,2018,,,2599,Diesel,,SUVJeep
Santro In Good Condition,495000,,,Manual - 2WD,Sky blue,2002,Powee window  center lock with remote  latest lcd music system front fog light installed,14,999,Petrol,85000,Small Hatchback
buleroduble cap for sell,1650000,many years,no,Manual - 4WD,white,2016,good,14,2325,Diesel,100000,Pickup
hyundai Getz fresh,695000,,,Manual2WD,Silver,2005,,,1400,Petrol,89654,MidSizeHatchback
New model Brezza 2024 ZXI+ Dual tone,5500000,8 months,Dealer ,Manual2WD,silver ,2024,ZXI+ Dual tone,16.6,1500,Petrol,4100,CompactSUV
Fiat Car On Sell,1425000,,,Auto - 2WD,White,2016,A/C heater power steering alloy wheel tubeless tyre ,14,1400,Petrol,40000,SUV / Jeep
Nissan Kicks Model 2019,2800000,Self use personal car,,Manual - 2WD,White,2019,,14,1600,Diesel,38000,SUV / Jeep
Toyota Rav4 2007 model offroad japanese xuv sale,1950000,,,Manual - 4WD,maroon,2007,fulloption,10,2400,Petrol,91000,SUV / Jeep
Tata Nexon xzplus 2018 model sale,2450000,,,Manual - 2WD,maroon,2018,fulloption,14,1200,Petrol,65000,Compact SUV
Ford figo zxi 2012 model sale,950000,,,Manual - 2WD,white,2012,fulloption,14,1200,Petrol,72000,Mid Size Hatchback
single handed Datsun go 2016 model sale,1175000,,,Manual - 2WD,silver,2016,fulloption,14,1200,Petrol,40000,Mid Size Hatchback
Ford ecosport ,1550000,,,Manual4WD,,2013,,,,Petrol,,SUVJeep
Hyundai i10 Magna ,1375000,,,Manual2WD,Ocean Blue,2009,,13,1200,Petrol,49000,MidSizeHatchback
Ford Freestyle Titanium 1.2 2019,2025000,,,Manual - 2WD,Brown,2019,,,1197,Petrol,53617,Compact SUV
Isuzu Hinder 4 Wheel,5300000,Single hand,One lakh km (3years),Manual - 4WD,Gray ,2022,,13,2500,Diesel,4800,Pickup
Ford Raptor 2022 (Automatic),15000000,,,Auto4WD,,2022,,,,Diesel,,Pickup
wagan r,850000,2,company,Manual - 2WD,sky blue,2008,power mirror   power window  power streing,18,1000,Petrol,53000,Mid Size Hatchback
peugeot 3008 (2017),6500000,,,Auto2WD,silver,2017,,,1600,Diesel,,SUVJeep
 Urgent Car on Sale!!,2200000,2 years,,Manual2WD,Green,2022,,21,999,Petrol,18000,Others
Daihatsu terios sx 2014  4wd,3375000,,,Manual4WD,Gray,2014,Full option,12,1500,Petrol,77000,CompactSUV
Kia Niro Ev 2021 (520 km range),4500000,,,Auto2WD,,2021,,,,Electric,,CompactSUV
Alto Lxi 2013 @ 1050,1050000,,6 Months ,Auto - 2WD,White,2013,Alto Lxi 2013 ?? ???????? ????? ???? ??????? ?  - A/c  Power Steering  Power Window  LCD Display  Camera  Center Lock  Shield Pack Engine & Body  New Battery  New Tyre.,20,800,Petrol,85000,Small Hatchback
Chery Tigo automatic with sunroof 2010 model,10,,,Auto - 2WD,grey,2010,,,2000,Petrol,65000,Compact SUV
2018 bireza fresh,2700000,6,,Auto - 2WD,bleu,2018,full,20,1300,Diesel,68000,SUV / Jeep
Toyota Etos single hand 2013 model,1450,,,Manual - 2WD,silver,2013,,,1496,Petrol,52000,Sedan
TOYOTA HIACE 2017 - BLACK NUMBER PLATE,3900000,Like new,,Manual2WD,Silver,2017,AC,Idk,Idk,Diesel,Idk,Van
2019  Eeco van on sale...,1599000,Personal use,6 months,Manual2WD,Silky silver,2019,7 seater  can use for family Ani business purpose,14-15,1196,Petrol,81000,MidSizeHatchback
toyota corolla lx 2006,1175000,,,Manual2WD,blue,2006,,,,Petrol,,Sedan
BYD ATTO 3 superior,6000000,,,Auto - 2WD,,2023,,,,Electric,,Compact SUV
Full Option 2020 Mitsubishi Pajero 3 Door,13500000,,,Auto4WD,Maroon,2020,,,3200,Diesel,46000,SUVJeep
Seltos Htx+ Dsl 2020,4600000,,,Manual - 2WD,Marun,2020,Top options,16,,Diesel,35000,Compact SUV
Urgent Sale 2006 Model Land Rover,2600000,,,Manual - 4WD,,2006,,,2000,Diesel,160,Compact SUV
Ramro Santro Car 11 Lakh Fixed Price,1100000,Ktm,Nice,Manual - 4WD,Grey black,2009,Nice,15,1086,Petrol,85,Others
renault duster rxs 2017 model,2500000,,,Manual2WD,,2017,,,1461,Diesel,,SUVJeep
"Hyundai Creta 1.5 Ex  ""2020"" Single Hand",4050000,,,Manual2WD,Silver,2020,Power Window  Power Steering  Tubeless Tyres  Air Bags  Anti-lock Braking (ABS)  Air Conditioner - Automatic  Steering Mounted Controls  Alloy Wheel ,,1591,Petrol,44000,SUVJeep
santro 2009 model,1099000,ktm,nice,Manual - 4WD,grey black,2009,good,15,1086,Petrol,85,Small Hatchback
Hyundai i10 magna on sale ,1,Personal ,,Auto4WD,?? maroon ,2009,Touchscreen  central lock  power staring ac,12/13,1200 Cc,Petrol,70k,MidSizeHatchback
Mitsubishi Outlander 2015 (call : 9851022836),4500000,,,Auto - 4WD,,2015,,,,Petrol,,SUV / Jeep
fresh creta on sale!!!!🔥🔥🔥,4550008,,,Manual - 2WD,white,2021,,,1500,Petrol,54000,Small Hatchback
Alto ac fresh,710000,5 years,No,Manual2WD,Silver,2008,Air condition,16,800,Petrol,87000,SmallHatchback
Hyundai Santro-Urgent Sell(Phone no.=9851350655) ,2125000,6 years,no,Auto2WD,Grey,2019,Magna,15,1100,Petrol,40000,SmallHatchback
Vw touareg v6 for sell,5000000,,,Auto4WD,White,2011,,,3000,Diesel,100000,SUVJeep
Terious Zyote 2010,775000,,,Manual - 2WD,Silver grey,2010,Power steering power windows ac,10,1300,Petrol,80000,Compact SUV
Ford figo good condition ,1000000,Office,1Year,Auto2WD,Silver white ,2012,,12,1K,Diesel,,Sedan
Toyota Yaris sedan 2008 sell and exchange,1175000,,,Manual - 2WD,silver,2008,full option,14,1300,Petrol,5700,Sedan
Byd Dolphine 2024 model,3600000,Personal ,8 years ,Auto2WD,Peach,2024,,,,Electric,10000,CompactSUV
Proton emas 7,6000000,6 months,8 years for battery ,Auto2WD,white,2025,full specification,,160 KW,Electric,6828,CompactSUV
Maruti Suzuki Swift Desire ZXI 2017 For Sale,2350000,,,Manual - 2WD,2YB,2017, It includes dual front airbags  ABS with EBD  and rear parking sensors for safety. The car features automatic climate control  a touchscreen infotainment system with Bluetooth and USB  steering-mounted controls  and keyless entry with push start/stop. Stylish alloy wheels  body-colored ORVMs  and premium interiors add to its comfort and appeal  making it a perfect sedan for city and highway drives.,,1196,Petrol,51000,Sedan
Kia Seltos htk Plus ,4050000,,,Manual2WD,White,2021,,,1497,Petrol,46000,SUVJeep
Hyundai Santro ,1050000,,,Manual2WD,Silver,2008,,,1086,Petrol,60000,MidSizeHatchback
TATA,1600000,,,Manual - 4WD,silver,2015,,,1500,Diesel,93,Pickup
Kia picanto  2010,925000,,,Manual2WD,,2010,,,1200,Petrol,58769,MidSizeHatchback
Hyundai santro 2006 sell and exchange,850000,,,Manual - 2WD,black,2006,full option,14,1100,Petrol,87000,Small Hatchback
deepal E07 2024 sell and exchange,8500000,,,Auto - 2WD,black,2024,full option,650,190,Electric,7000,SUV / Jeep
Skoda rapid ,1350000,Personal ,No,Manual2WD,White ,2013,,20,1600,Diesel,80k,Sedan
Ford figo 2012 on sale,900000,,,Manual2WD,Green ,2012,,,,Petrol,90000,MidSizeHatchback
Kia Sportage,1299999,,,Manual2WD,Silver,2007,,10,2000,Petrol,71000,SUVJeep
Renault Duster _ Diesel,2100000,,,Manual2WD,Silver,2017,,,1461,Diesel,60000,SUVJeep
nano2011,385000,,,Auto - 2WD,golden yellow,2011,,20,700,Petrol,37000,Van
"Honda City Self Drive rs.5500 Per Day
9808881966",5500,,,Manual - 2WD,,2020,,,,Petrol,,Sedan
Scorpio S5(4wd),4950000,Personal use,,Manual - 4WD,White(silver),2021,Comfort,13,2000,Diesel,90000,SUV / Jeep
Chevrolet Aveo 1.6 2006 on Sale,600000,,,Manual2WD,,2006,,,1600,Petrol,,Sedan
Land Cruiser Prado On Sale Or Exchange,5100000,,,Manual - 4WD,,2003,,,,Diesel,,SUV / Jeep
Hyundai Grand i10 Nios Sports – 2021 Model On sale,2950000,,,Manual - 2WD,Firey red,2021,Fulloptions,12,1200,Petrol,41000,Mid Size Hatchback
Nexon Tata Lux Dk Xz+,3100000,,,Auto - 2WD,,2023,Top options,350,25,Electric,28,Compact SUV
Hyundai EON ERA 2016 for Sale,1200000,,no,Manual2WD,silver,2016,full option ,20,814,Petrol,350000,SmallHatchback
Hyundai Tucson i35,2300000,,,Manual - 4WD,Silver / Grey,2011,4 wheel,,2500,Petrol,108000,Others
creta sx 2015 model bikrima aayo,3200000,,,Manual - 2WD,red,2015,pulloption,,1500,Petrol,,SUV / Jeep
Hyundai Creta SX 2015 Model on sale!!!,3200000,,,Manual - 2WD,Red,2015,Full Option,,1500,Petrol,,SUV / Jeep
Nissan Tidda  Japanese,950000,Private ,No warranty ,Manual - 2WD,Light golden ,2007,Power steering  power window auto air condition  four air bags  music system electric power mirror system center lock  (abs)breaking system  alloy wheels  fog lights  ,10,1800,Petrol,55000,Sedan
Hyundai Grand I10 Magna 2018 Single Hand,2190000,,,Manual - 2WD,Sleek silver,2018,,,1197,Petrol,,Small Hatchback
Hyundai I20 Active S 2017 Single Hand,2675000,,,Manual - 2WD,White,2017,,,1197,Petrol,40000,Small Hatchback
Maruti Suzuki Swift VXI 2015 (13 Lot) For Sale,1925000,,,Auto2WD,RED,2015,,,1197,Petrol,55000,MidSizeHatchback
Chevrolet Spark LT 2007 For Sale ,525000,,,Manual2WD,Golden ,2007,Power windows  Power steering  Ac  Touchscreen Camera music System ,12,1000,Petrol,,SmallHatchback
Renault Kwid RXT O 2017 For Sale ,1150000,,,Manual2WD,White ,2017,Airbag   Power steering  Power windows Ac   Touchscreen Camera music System ,16,800,Petrol,45009,SmallHatchback
Hyundai i20 Active S 2018 For Sale ,2950000,,,Manual2WD,Maroon Red,2018,,,1200,Petrol,,CompactSUV
Honda Mobilio 1.5 VMT 7 Seater “Single Hand” 2015,2090000,,,Manual - 2WD,C. Red Pearl,2015,7-seat layout  1.5L i-VTEC engine with 5-speed manual transmission  dual airbags  ABS with EBD  power windows etc.,,1497,Petrol,57348,Mid Size Hatchback
Maruti Suzuki Ritz,1075000,,,Manual - 2WD,Silver,2010,,18,1197,Petrol,67000,Small Hatchback
"Hyundai  i20 Astha  ""2017""",2550000,,,Manual2WD,Star Dust,2017,Power window  Power steering  Central lock  Air Conditioning  Air bags   Steering Mounted controls   Fog lights  ,,1197,Petrol,57800,CompactSUV
MG Zs Ev On Sale,3550000,3 years,,Auto - 2WD,Red,2021,,,,Electric,,Others
Verna sx ,1850000,,,Manual2WD,Grey,2013,,,1600,Petrol,54000,Sedan
Hyundai I10 Magna 2012 Single Hand,1550000,,,Manual - 2WD,Garent Red,2012,,,1197,Petrol,55000,Small Hatchback
Datsun Go 2016 Excellent Condition with airbag,1190000,,,Manual - 2WD,Blue,2016,,,1198,Petrol,65000,Small Hatchback
Deepal S07 EV 2024 Model (3000 Km Run),6200000,Personal,,Auto - 2WD,Orange,2024,Automatic Transmission  Sunroof  Just Run 3000 Km,,,Electric,,Compact SUV
2020 renault triber singlehand sale exng50%loan,1850000,,,Manual2WD,Maroon,2020,,,1000,Petrol,47000,SUVJeep
2015 Hyundai Verna on Sale,2450000,,,Manual - 2WD,White,2015,,10,1600,Petrol,53000,Sedan
Renault Duster 2017 model on sale!!!,2150000,,,Manual - 2WD,Brown,2017,Full Option,14,1500,Diesel,68000,SUV / Jeep
Hyundai Santro  2013 Model For Sale,1475000,,,Manual - 2WD,Red ,2013,Power window  power steering  AC   android etc…,,1086,Petrol,,Small Hatchback
2021 Tata Nexon Xz+ on Sale,3300000,,,Manual - 2WD,Foliage Green,2021,,12,1197,Petrol,47500,SUV / Jeep
2018 Maruti Suzuki Brezza Dualtone for Sale,3100000,,,Manual - 2WD,Red,2018,,15,1197,Diesel,62000,SUV / Jeep
Corola Lx 2007 Single Hand For Sale,1775000,,,Manual - 2WD,Silver grey ,2007,,,1500,Petrol,51000,Sedan
"Hyundai  i10 Magna ""2010""",1424000,,,Manual2WD,Gold,2010,ower Window  Power steering  Center Lock  Alloy Wheels  Tubeless Tyrese  Air conditioner  LCD Touch Screen Entertainment  etc. ,,1197,Petrol,70500,MidSizeHatchback
Ford EcoSport Trend-(Phone no.=9851350655),1890000,9 years,no,Manual2WD,orange,2016,Trend,12,1500,Petrol,55000,CompactSUV
Hyundai Creta-Urgent sell(Phone no.=9851350655),4575000,5 years,no,Auto2WD,Silver,2019,SX,10,1591,Petrol,46000,SUVJeep
Kia Sportage diesel 2018 Model 4wd,4900000,,,Manual4WD,fairy blue,2018,,,2000,Diesel,93000,CompactSUV
Skoda Rapid Ambition 2016 On Sale,1750000,,,Manual - 2WD,Grey,2016,,,1600,Petrol,49000,Sedan
Jac Pick Up 2022 Good Condition,3500000,3,Na,Manual - 4WD,Silver,2022,Full option,13,2000,Diesel,49286,Pickup
Suzuki Celerio 2020,2150000,,,Manual2WD,,2020,,,,Petrol,,CompactSUV
Toyota Corolla LX 2007,1175000,,,Auto2WD,,2005,,,1499,Petrol,,Sedan
Rent a car/car rent/car rental service/,1000,,,Auto2WD,Grey,2010,,13/14,1600,Petrol,,SUVJeep
Kia Seltos For Sale,4100000,2.5 years,,Manual - 2WD,Intense Red,2022,,,1493,Petrol,29500,SUV / Jeep
2007 toyota rav4 4wd fulloption sale exng car jeep,2350000,,,Manual4WD,Golden silver,2007,,,2000,Petrol,75000 genuine,SUVJeep
SUZUKI BREZZA,2850000,Personal,No,Manual - 2WD,White,2018,Full,18,1298,Diesel,65000,Compact SUV
Single Owner Full Option 2019 Suzuki WagonR Zxi,2275000,,,Manual2WD,Silver,2019,,,1200,Petrol,27000,MidSizeHatchback
Ford Figo Exi 2011 model for sale ,1100000,,,Manual2WD,Gray,2011,,,1200,Petrol,,MidSizeHatchback
Daihatsu Sirion full option car  2006 Model ,600000,Few Times,,Manual2WD,Funky Blue,2006,Airbags  Electric Power Steering  Power Windows  Antilock Braking System  Air Condition    Music System  Center Locking  Child Locking System  Rare Camera  fully Loaded.,12 - 16,996,Petrol,50632+,MidSizeHatchback
VW polo 2013 comfortline full vw service history,1400000,,no,Manual2WD,candy white,2013,vw service center full service history,14,1200,Petrol,57000,SmallHatchback
Brand new tata 407 on hire,2500,,,Manual2WD,White,2025,,,3000,Diesel,3000,Truck
Hyundai Santro 2010,1175000,,,Manual4WD,Red,2010,,,1080,Petrol,,SmallHatchback
Renault Duster RXL 2017 Model,2075000,,,Manual - 2WD,Silver,2017,Power Window   Power Steering   Central Lock   Tubeless Tyres   Air Bags   Anti-lock Braking (ABS)   Air Conditioner - Manual   Steering Mounted Controls   Fog Lights   Electric Side Mirror (ORVM)   9 inch Android Infotainment System,13,1600,Petrol,49000,SUV / Jeep
Suzuki brezza zxi+ 2022 single 9802355901,3875000,,,Manual - 2WD,prime oreng,2022,,,1462,Petrol,40000,Compact SUV
2005 model ko terios gadi bikrima aayo,1350000,,,Manual - 4WD,,2005,fulloption,14,1500,Petrol,,SUV / Jeep
chevrolet captiva ltz 2009 model,1800000,,,Auto4WD,,2009,,,2000,Diesel,140000,CompactSUV
kia sportage 2010 model ,2850000,,,Auto4WD,silver,2010,,,2000,Diesel,84267,CompactSUV
Tata Nexon Ev Lux Prime Soonroof,3000000,,,Auto - 2WD,Blue,2022,Top ,320,99,Electric,41000,Compact SUV
DAIHATSU TERIOS SX 2005 Model on sale!!!,1350000,,,Manual - 4WD,Green,2005,Full Option,14,1500,Petrol,109000,SUV / Jeep
Suzuki Ignis 2005 Dual Airbags,599000,,,Manual - 2WD,Silver,2005,,14,1200,Petrol,82000,Small Hatchback
Škoda Fabia 2012 – Excellent Condition ,950000,,,Auto2WD,Black,2012,,,1200,Petrol,,MidSizeHatchback
Renault kiger ,2425000,,,Manual2WD,Silver,2021,,,100”,Petrol,74000,SUVJeep
TERIOS 4wd,3000000,,,Manual - 4WD,Sliver ,2012,,,1500,Petrol,80000,Compact SUV
Toyota Hilux Revo 2019 model for sale ,7900000,,,Manual4WD,Gray,2019,,,2800,Diesel,82000,Pickup
2012 model ko tata nano bikrima aayo,400000,,,Manual - 2WD,,2012,,,624,Petrol,,Small Hatchback
2022 model ko kia seltos  bikrima aayo,5500000,2 hand,,Auto - 2WD,Grey,2022,fulloption,,1497,Petrol,36000,SUV / Jeep
2016 kia Sportage 4 wheel drive,3725000,,,Manual - 4WD,silver,2017,"diff lock for extreme off-road 
4wd 
rear camera  down hill assist.
ABS AND AIRBAGS 
STEERING mounted controls 
cruise control 
and other features of highest option Sportage",,2000,Petrol,79000,SUV / Jeep
Toyota Land cruiser 3 door 3L engine,3100000,,,Manual - 4WD,Rose Gold,1991,"alloy wheel
Android System
Full system Music
Power steering
Four wheel Drive",12,2800,Diesel,200000,SUV / Jeep
xtrail call 9813871741,1199999,22 years,no,Manual - 4WD,gray,2002,like new,15,2000,Diesel,90000,SUV / Jeep
Maruti Suzuki Swift ZXi 2007,1290000,,,Manual - 2WD,Grey,2007,,,1197,Petrol,63519,Mid Size Hatchback
Mitsubishi Outlander Auto 4WD 2014 Well Condition,4175000,,,Auto - 4WD,White,2014,,,2360,Petrol,44000,Compact SUV
Nissan Kicks On Sale,3400,1,,Manual - 2WD,Grey,2021,Full option,15,1477,Petrol,45000,SUV / Jeep
2016 model ko suzuki celerio zxi  1000 cc bikrima,1800000,,,Manual - 2WD,red,2016,fulloption,,100,Petrol,,Small Hatchback
Single Owner 2010 Hyundai i10 Magna 1.2,1325000,,,Manual2WD,Red,2019,,,1200,Petrol,68000,MidSizeHatchback
2016 Hyundai Grand i10 Magna for sale,2095000,,,Manual2WD,Silver,2016,,,1200,Petrol,53000,MidSizeHatchback
Mitsubishi Pajero 3Door 2020 Model,12500000,Personal,,Auto - 4WD,Maroon,2020,Fully loaded,,2200,Diesel,,SUV / Jeep
Gtline Sonet Kia,4100000,Personal ,,Manual - 2WD,White,2020,Fully lodaded,15,1500,Diesel,46000,Compact SUV
Kia Sportage 2008 model  2009 made,1725000,17 years,None ,Manual2WD,Black,2009,,8~12,1998,Petrol,79 000,CompactSUV
Maruti Suzuki Celerio ZXI 2016 Model on sale!!!,1800000,,,Manual - 2WD,Red,2016,Full Option,17,998,Petrol,,Small Hatchback
2021nissan.kicks petrol singlehand sale xng50%loan,3350000,,,Manual2WD,Grey,2021,,,1500,Petrol,37000 genuine,SUVJeep
Toyota rav4 automatic 2016 model,7000000,,,Auto4WD,Whute,2016,,,2000,Petrol,58670,CompactSUV
Ssangyong Kyron  [ Korean],1350000,Private ,No warranty ,Manual - 4WD,White ,2013,Power steering   power window double airbag  auto air condition  lcd touch screen music system  steering mount controller system  electric power mirror system  key remote  center lock  leather seats  (abs) breaking system.alloy wheels  projected head light  fog lights ,10,2000,Diesel,72000,SUV / Jeep
Kia Sonet Automatic 2022 Fresh,4599000,Self,,Auto - 2WD,White ,2022,Fully loaded ,16,1498,Diesel,16000,Compact SUV
Neta V,2700000,3 years,,Auto - 2WD,Grey,2022,Cruse control,,,Electric,39701,Mid Size Hatchback
Kia Sonet HTE - Excellent Condition 2022 Model,3300000,,Company's warranty ,Manual - 2WD,Grey,2022,,15,1200,Petrol,12000,SUV / Jeep
Grand i10 Magna 2018 For Sale,2400000,,,Manual - 2WD,Silver,2018,,20,1199,Petrol,35000,Mid Size Hatchback
2010 model ko Ecovan  bikrima aayo,1050000,,,Manual - 2WD,white,2010,,,1200,Petrol,,Van
Toyota Hilux Vigo 2010 model for sale ,3300000,,,Manual4WD,Golden silver ,2010,,,2500,Diesel,91000,Pickup
Grand i10 Asta 2014 Model,1865000,Personal Use,No,Manual - 2WD,Maroon,2014,Full option  Push Button Start  Rear Camera  Alloy Wheels  2 Air Bags. ABS.,,1200,Petrol,62000,Mid Size Hatchback
Ford Figo ZXI 2011 For Sale.,1050000,personal,,Manual - 2WD,Chill,2011,Power Steering  Power Window  Ac  Adjustable Seat.,,1197,Petrol,62000,Small Hatchback
Maruti Suzuki Alto K10 VXI 2015 For Sale.,1450000,,,Manual - 2WD,Sliver,2015,Power window  Power Steering  Ac   Touch Screen  Camera,,1000,Petrol,43000,Small Hatchback
Single Owner 2013 Hyundai i20 Magna (w/History),1725000,,,Manual2WD,Red,2013,,,1200,Petrol,75000,MidSizeHatchback
Riddara Rd6 Ev rent per day Rs. 8 500/- ,8500,,,Auto4WD,,2025,,,,Electric,,Pickup
VW Polo 1.6 Highline (2013),1550000,,,Manual - 2WD,White,2013,,,1600,Petrol,48000,Mid Size Hatchback
Mahindra E20 For Sale,950000,6 years,,Auto - 4WD,White,2013,Electric ,80,,Electric,39000,Mid Size Hatchback
kia picanto for sale,550000,,,Manual - 2WD,silver,2004,,,1200,Petrol,80000,Small Hatchback
Maruti Suzuki,400000,10 Yrs,,Auto - 2WD,Silver,2001,Manual ,18,1000,Petrol,75000,Small Hatchback
Daihatsu Terios 2013 model for sale ,3450000,,,Manual4WD,Silver,2013,,,1500,Petrol,73000,SUVJeep
Nissan Sunny Ex-salon,475000,Private ,No warranty ,Manual - 2WD,White ,1998,Power steering  power window manual air condition  music system  alloy wheels  fog lights ,12,1300,Petrol,95000,Sedan
Proton Saga (automatic),1950000,Private ,No warranty ,Auto - 2WD,Silver ,2021,Power steering  power window  manual air condition  double air bags  lcd touch screen music system back camera back sensor  steering mount controller system center lock key remote  electric power mirror system  leather seats  (abs)breaking system alloy wheels  fog lights.,14,1300,Petrol,13000,Sedan
toyota corolla 2008 on sell,1625000,17,,Auto - 2WD,black,2008,full option car 360 camera,11,1600,Petrol,00000000,Sedan
Renault Duster RXZ+ AMT 2016 Single Hand,2075000,,,Auto - 2WD,Silver,2016,,,1461,Diesel,52000,Compact SUV
Chevrolet Aveo,800000,,,Manual - 2WD,Black ,2010,,,1400,Petrol,128000,Mid Size Hatchback
2005 nissan cefiro japnese v6 engine auto sunroof ,1650000,,,Auto2WD,Golden silver,2005,,,2400,Petrol,78000 genuine with history,Sedan
CHEVROLET UVA+ 2008 MODEL FULL OPTION,649999,17 years,No Warrenty,Manual - 2WD,Golden,2008,Alloy Wheel Ac Back Camera Defoger Back Wifer Fox Light Embossed Plate,10,1150,Petrol,50000,Small Hatchback
Wagon R Zxi 2019 Sales,2600000,5 Years,,Auto2WD,Silver,2019,All,19,1997,Petrol,32000,CompactSUV
Peugeot 3008 2017 model,5500000,,,Auto2WD,White,2017,,,1500,Petrol,57400,CompactSUV
राम्रो कन्डिसन को Tata Xenon फाईन्नस सुबिधा सहित,2000000,Neapl ,No,Manual - 2WD,Black,2016,All,14,2200,Diesel,78000,Pickup
Maruti Suzuki EECO Van 2010 Model is on sale!!!,1049000,,,Manual - 2WD,White,2010,Full Option,,1196,Petrol,,Van
Volkswagen Tiguan 2.0 “Single Hand” 2016,3789000,,,Manual - 2WD,Pure White,2016,Power Window  Power Steering  Central Lock  Alloy Wheels  Keyless Remote Entry  Tubeless Tyres  Air Bags  Anti-lock Braking (ABS)  Air Conditioner - Automatic  Steering Mounted Controls  Projected Headlight  Back Rear Wiper  Fog Lights etc.,,1984,Petrol,59700,SUV / Jeep
Tata Strome 2014 Model 9823657076,1499000,,,Manual - 2WD,,2014,,,,Petrol,,Sedan
Tata Strome 2014 Model 9823657076,1499000,,,Manual - 2WD,,2014,,,,Petrol,,Sedan
2019 Mahindra Scorpio S5 4wd for sale,4500000,,,Manual - 4WD,Silver,2019,,10,2200,Diesel,91000,SUV / Jeep
Tata Yodha,749999,,,Manual - 4WD,,17,,,,Diesel,,Pickup
Kia Rio 2004 Model On Sale,555000,Personal ,,Manual - 2WD,Grey,2004,Old is Gold with extra added features.,,1493,Petrol,72000,Sedan
Honda Amaze SMT (2013),1350000,,,Manual2WD,Silver,2013,,,1200,Petrol,75950,Sedan
Hyundai Creta E+ 2017,3345000,Personal use ,,Manual - 2WD,Silver,2017,Hyundai Creta E+ 2017   Like new No any accident records Alloy wheel added Steering control added Only 55000 km running  Contact no :- 9801203873/ 9851402900,15,1591,Petrol,55000,SUV / Jeep
Neta gadi Chaiyoo 25 Lakh Vitra Cont :9818637609,0,,,Auto - 2WD,,2020,,,,Electric,,Sedan
2018 Volkswagen Polo 1.6 Highline,2180000,,,Manual - 2WD,White,2018,,,1600,Petrol,50000,Mid Size Hatchback
Hundai I20 Asta Full Option push Start 2016 Model,2225000,,,Manual - 2WD,Red,2016,Push start  dual airbag ac  power steering power window center locks allow wheel ,,1200,Petrol,67452,Mid Size Hatchback
Santro Zing Xo 2006 Model full Option 9801824689,925000,,,Manual - 2WD,Silver gold,2006,,,1100,Petrol,86253,Small Hatchback
VolkSwagen Tiguan 2.0 2012,2800000,,,Manual2WD,White,2012,Power window  Power steering  Central lock  Alloy wheels  Keyless Remote Control  Air Conditioning  Air bags  Steering Mounted controls  Projected headlights  Fog lights  LCD Touchscreen ,,1984,Petrol,78000,SUVJeep
Suzuki Vitara 2007 Model 1350000 fixed price Hurry,1350000,,,Manual - 2WD,black,2007,power steering  Power window  Airbag,,2000,Petrol,49000,SUV / Jeep
Land Rover Freelander 2006 Model 9823657076,2800000,,,Manual - 2WD,,2006,,,,Petrol,,Sedan
KIA Picanto 1100cc 2010 Model 9823657076,880000,,,Manual - 2WD,,2010,,,,Petrol,,Sedan
Land Rover Freelander 2006 Model 9823657076,2800000,,,Manual - 2WD,,2006,,,,Petrol,,Sedan
KIA Picanto 1100cc 2010 Model 9823657076,880000,,,Manual - 2WD,,2010,,,,Petrol,,Sedan
Duster 2017 Autamuc Transmission Fully Fresh,2399999,Personal ,Non,Auto - 2WD,Dark black ,2017,All,15,1400,Diesel,35000,SUV / Jeep
Byd atto3 Advance ,4900000,1 year,,Auto2WD,White,2023,Types SUVJeep Make Year 2023 Features Blade Battery  Euro NCAP: 5-star safety rating  Advaned ADAS Features  Blind Sport Detection  Panaromic Sunroom & Moonroof  Leather Upholstry  7 Airbags  Automatic  7KW AC charger  Alloy Rims  Drive Modes - Eco/Comofort/Sports Mode  Large Entertainment Screen  Multi-color Ambient Lighting  NFC Card Mileage 370 km Kilometer Run 13000 Used For Home and Office Commute Colour Parkour Red Transmission Auto2WD Fuel Electric,375,,Electric,4500,CompactSUV
Hyundai i10 Car,1125000,,,Manual2WD,RED,2009,Hyundai i10  Color Red  Model 2008 Cc 1200 Magna 1.2 Condition Ready for all terrain excellent car for family . Installed infotainment system and Sony speaker. Embossed plate. Maintened no problem. No expense after purchase.,12,1200,Petrol,58535,SmallHatchback
2022 model ko kia seltos bikrima aayo,5500000,2hand,,Auto - 2WD,gravaity grey,2022,fulloption,,1497,Petrol,36000,SUV / Jeep
SINGLE HAND HONDA CITY,1600000,Personal,,Manual - 2WD,Silver,2013,AC  AIR BAG ABS BREAK ,13,1600,Petrol,78000,Sedan
Isuzu V-cross 2018 model for sale ,3900000,,,Manual4WD,White ,2018,,,2500,Diesel,,Pickup
MG ev 2020 model single hand on sale ,2800000,,,Auto2WD,,2020,,,,Electric,,SUVJeep
Maruti Suzuki A Star Zxi,1400000,,,Manual - 2WD,Geeay,2012,?? FOR SALE: Maruti Suzuki A-Star ZXI (2012 Model) ?? ?? Available at Raaz Auto Club  Balkhu  Kathmandu  Nepal  ?? Price: NPR 13 Lakhs  ?? Key Features:  ? Top Variant: ZXI Model  ? Manual Transmission  ? Power Steering & Power Windows  ? Dual Airbags for Safety  ? ABS (Anti-lock Braking System)  ? Factory Fitted Music System  ? Alloy Wheels  ? Excellent Fuel Efficiency  ? Well Maintained & Smooth Performance  ?? Contact Now for a Test Drive or More Info: ?? 9851075048 | 9851070068  ?? Limited Offer – Don’t Miss Out! ?? Drive home the comfort  style  and economy of a trusted Maruti Suzuki today!,16,998,Petrol,72000,Mid Size Hatchback
Nissan Terrano XV Automatic 2018 Model,2675000,,,Auto - 2WD,Brownish Grey,2018,- Power Window  - Power Steering - Central Lock - 19 Inch Alloy Wheels - Tubeless Tyres - Air Bags - Anti-lock Braking (ABS) - Air Conditioner - Manual - Steering Mounted Controls - Fog Lights - Electric Side Mirror - Cruise Control  - Automatic Transmission ,15,1600,Diesel,60500,SUV / Jeep
475000 Only Kia Rio 4 Lot 2003 Model,475000,,,Manual - 2WD,,2003,,,,Petrol,,Mid Size Hatchback
2018 Isuzu Dmax Vcross for sale,3800000,,,Manual - 4WD,White,2018,,,2500,Diesel,68000,Compact SUV
Jeep Compass Limited Autogear 2022 Model,8000000,Personal,,Auto - 4WD,Black,2022,Automatic transmission  Sunroof,,2000,Petrol,,Compact SUV
FREE LANDER 2,4500000,Personal,,Auto - 4WD,Golden ,2008,FULL AUTOMATIC AC POWER WINDOWS POWER STERING SUN ROOF  MOON ROOF  10 AIR BAG  ELECTRIC SIT AND MANY MORE,11,2200,Diesel,77000,SUV / Jeep
Hyundai Tucson GLS “2014”,3869000,,,Manual4WD,Grey Titanium,2014,Power Window   Power Steering   Central Lock   Alloy Wheels   Tubeless Tyres   Air Bags   Anti-lock Braking (ABS)   Air Conditioner - Manual   Fog Lights   LCD Touchscreen Entertainment etc.,,1991,Diesel,72169,CompactSUV
SANTRO,2050000,,,Manual - 2WD,Red ,2019,,,1100,Petrol,50000,Small Hatchback
2011 model ko muruti bikrima aayo,775000,,,Manual - 2WD,white,2011,,,800,Petrol,,Small Hatchback
Premier Rio,1100000,,,Auto2WD,,2013,,,,Diesel,,SUVJeep
2018 Isuzu Dmax Scab on sale,2800000,,,Manual - 2WD,White,2018,,,2400,Diesel,65000,Pickup
honda city,2499999,,,Manual - 2WD,white,2015,,12,1500,Petrol,,Sedan
Tata Nexon EV Prime,3100000,Private ,No warranty ,Auto - 2WD,Light green ,2023,Power steering  power window  (auto)air condition  double air bags lcd touch screen music system back camera  back sensor key less   (push start) system  electric power mirror system  center lock  leather seats  projected head light  (abs) breaking system  alloy wheels  fog light ,300,100,Electric,40000,Compact SUV
Hyundai Tucson GLS “2014”,3870000,,,Manual - 4WD,Grey Titanium ,2014,Power Window   Power Steering   Central Lock   Alloy Wheels   Tubeless Tyres   Air Bags   Anti-lock Braking (ABS)   Air Conditioner - Manual   Fog Lights   LCD Touchscreen Entertainment etc.,,1991,Diesel,72169,Compact SUV
Ford Figo Zxi 2011 On Sale,1075000,,,Manual - 2WD,Beidge ,2011,,,1200,Petrol,58000,Small Hatchback
Tata Nexon XZ+ EV on Sale,2800000,non-commercial,Company Warranty,Auto2WD,White,2021,,320,,Electric,9500,SUVJeep
Hyundai Van 2003,699999,,,Manual2WD,,2003,,,,Petrol,,Bus
🚘 Premium Pickup on Sale – Nissan Navara VL 2018,6800000,,,Auto - 4WD,Silver,2018,Fulloptionw,11,2455,Diesel,64000,Pickup
mercedes benz. C-classs c250 1995 Model 9823657076,2650000,,,Manual - 2WD,,1995,,,,Diesel,,Sedan
mercedes benz. C-classs c250 1995 Model 9823657076,2650000,,,Manual - 2WD,,1995,,,,Diesel,,Sedan
Maruti Suzuki eco van 2018 model 7 sitar on sale,1700000,,,Manual - 2WD,silver,2019,,,1200,Petrol,57000,Van
Skoda Rapid 1.5 Active 2019,1950000,,,Manual - 2WD,Candy White,2019,ABS  rear fog lights  a high-level third brake light  and an automatic headlight system with a light sensor etc.,,1498,Diesel,68000,Sedan
Kia Sonet Gt Line,3900000,,,Manual - 2WD,White,2020," 6 Airbags ESC  HAC  BA  VSM High line tyre pressure monitor Advance 10.67 cm (4.2"") Color instrument cluster Halogen Headlamps Semi Leatherette Seats with All Black Interiors Rear AC Vent",19,1500,Diesel,45000,Compact SUV
Renault kwid RXT O variant 2021 model on sale,1750000,,,Manual - 2WD,silver,2021,39500,18,1000,Petrol,,Mid Size Hatchback
Suzuki Baleno Zeta 2016 Model 9823657076,2050000,,,Manual - 2WD,,2016,,,,Petrol,,Sedan
Land Rover Freelander 2006 Model 9823657076,2750000,,,Manual - 2WD,,2006,,,,Petrol,,Sedan
Mercedes Benz Glc 220d Like New Conditions Top,190,,,Auto - 4WD,White,2018,Top model,,2143,Diesel,31000,SUV / Jeep
Land rover defender 2015 model,13500000,,,Manual4WD,White,2015,,,2200,Diesel,66450,CompactSUV
COROLLA LX ,1675000,,,Manual2WD,Silver,2007,,,1597,Petrol,114806,Sedan
CIAZ ZETA,2250000,,,Manual2WD,Silver,2017,,,1373,Petrol,65000,Sedan
Jeep Compass Limited Plus AMT 2019 (Single Hand),6490000,,,Auto2WD,Magnesio Grey,2019,a larger 8.4-inch touchscreen with Android Auto and Apple CarPlay  an 8-way power driver's seat with memory  and six airbags (including side curtain airbags etc.,,1386,Petrol,38857,SUVJeep
Jeep compass limited 4wd 2018 model,6000000,Personal ,,Manual4WD,Blue ,2018,Fully loaded ,13,2000,Diesel,68000,SUVJeep
Brezza vdi 2018 model 9851137245,2850000,Personal ,,Manual2WD,White ,2018,Semi options ,15 ,1248,Diesel,44000,CompactSUV
2016 Model Ko Nissan Indio 775000,775000,Good,Xaina,Auto - 4WD,Rato,2016,,20,799,Petrol,71751,Others
Hyundai Kona EV 2020 “Single Hand”,3449000,,,Auto - 2WD,Marina Blue,2020,Power Window  Power Steering  Central Lock  Alloy Wheels  Keyless Remote Entry  Tubeless Tyres    Anti-lock Braking (ABS)  Air Conditioner - Automatic  Steering Mounted Controls  Projected Headlight  Sunroof Six Airbags  Push Start  Three driving mode (Eeco  Comfort  Sports)  Cruise control  Front ventilated and Heated seat  Electric Seat Adjustment etc.,,,Electric,24200,Compact SUV
Ecosport 2016 on sell,2000000,,,Manual2WD,,2016,,,,Petrol,,CompactSUV
Renault Kiger Rxz Top Variant,2750000,3 years,,Manual - 2WD,Mahagony brown,2021,,17,999,Petrol,31000,SUV / Jeep
scorpio s6+ on sell,35000,,,Auto - 2WD,blue,2016,,,2200,Diesel,,SUV / Jeep
ISUZU D-MAX V-Cross 4WD “2017”,3549000,,,Manual - 4WD,Orchid Brown,2017, a shift-on-the-fly 4WD system  a 3.0L turbo diesel engine  and a high ride suspension for enhanced ground clearance. Other notable features include a 6-way adjustable driver's seat  a foldable rear seat with 60/40 split  and a robust deck loading capacity etc.,,2499,Diesel,53586,Pickup
Santro GLS,1100000,Personal,No,Manual - 2WD,Maroon Red,2009,,17,1086,Petrol,84000,Small Hatchback
KOREAN BRAND HYUNDAI GETZ 2007 MODEL FULL OPTION,775999,4 years,No Warrenty,Manual - 2WD,Navy Blue,2007,Alloy Wheel Abs Mirror Adjuster Power Sterring Power Window Defoger Back Wiper Ac 83 Tax Clear,10,1498,Petrol,80110,Mid Size Hatchback
Vehicle For Rent,8500,4,,Manual - 2WD,Grey,2020,High variant,11,1500,Petrol,1,Compact SUV
Navar VL,7000000,,,Auto - 4WD,Sliver ,2018,,,2500,Diesel,64000,Pickup
Nexon XZ+ 2020,3050000,,,Manual - 2WD,grey,2020,Full option,18,1200,Petrol,47000,Compact SUV
Mitsubishi ASX 4wd 2017 with Finance Facility,5800000,,,Auto - 4WD,Red,2017,,,2000,Petrol,71000,Compact SUV
Latest Shape 2021 Hyundai Tucson Petrol,7350000,,,Manual2WD,White,2021,,,2000,Petrol,38000,SUVJeep
Kia Picanto 2007,775000,,,Manual - 2WD,Silver,2007,,,1086,Petrol,67000,Small Hatchback
Maruti Suzuki Brezza Zxi+ 2023 Model,4800000,Personal,,Manual - 2WD,White,2023,Full option,,1500,Hybrid,,Compact SUV
Mahindra XUV 500 AWD 2021 Model with Sunroof,5500000,Personal,,Manual - 4WD,Red,2021,Full Option  Sunroof  4WD,,2200,Diesel,,Compact SUV
Creata,3300000,,,Manual - 2WD,Grey/silver,2015,,,1600,Petrol,54000,SUV / Jeep
KIA Suv On Sale,2350000,5 year,No,Auto - 4WD,Silver,2012,Full option ,65000,1995,Diesel,65000,Compact SUV
Mahindra Reva e2o,1230000,City Driving.,,Auto - 2WD,White,2016,Keyless start  infotainment system  back camera.,80,,Electric,61545,Small Hatchback
Magnite Needed Urgent,2100000,,,Manual2WD,,2021,,,999,Petrol,10000,SUVJeep
Kia Sportage 2009 4wd,2099999,,,Manual - 4WD,,2009,,,,Diesel,,Compact SUV
Full Option 2007 Hyundai Santro XO,1095000,,,Manual2WD,White,2007,,,1100,Petrol,87000,SmallHatchback
Toyota Hilux 1993 Model ,1250000,,,Manual - 4WD,White,1993,,,3000,Diesel,152000,Pickup
Santro sportz Car on sale,2250000,Personal,No,Manual2WD,Taitanium black,December 2019,Sportz,20,1100,Petrol,40000,SmallHatchback
MG ZS EV Sell,4300000,,,Auto2WD,White,2023,,,99 KW,Electric,27000,Others
Chevrolet Aveo Lt,899000,,,Auto - 2WD,Gray,2012,power windows  power mirrors  a CD player  and a rear spoiler,12,1400,Petrol,90000,Compact SUV
Nexon XM (petrol),2300000,personal,,Manual - 2WD,white,2019,"Dual airbags 
Power steering 
Power windows x 4
Ac/heater 
and many more",14,1200,Petrol,71450,Compact SUV
Truck bikri ma Bharat Benz 2016 model,1000000,Cargo,No,Manual2WD,White,2016,Bharat benz,4,3907,Diesel,100000,Truck
Land Rover Freelander 2 2015 Model Single Hand,125,,,Auto - 4WD,Grey,2015,,,20000,Diesel,52000,SUV / Jeep
Ford Figo Titanium 2014 Model,1175000,,,,,,,,,,,
Ford Figo Titanium 2014 Model,1175000,,,,,,,,,,,
2011 model ko tuscon bikrima aayo,2500000,,,Manual - 4WD,bhack,2011,fulloption,,2000,Diesel,,SUV / Jeep
Santro Car on Sale,1230000,few year,no,Auto2WD,Red,2009,power stering,17,1086,Petrol,55000,SmallHatchback
SPORTAGE AWD ,3100000,,,Manual4WD,Silver,2014,,,1998,Petrol,75000,SUVJeep
Car on Sale,1230000,5,no,Auto2WD,red,2010,.,17,1,Petrol,70000,SmallHatchback
 CAPTIVA LTZ ,2400000,,,Auto4WD,White,2012,,,1991,Diesel,,SUVJeep
Car on sale 2012 model,950000,,,Auto2WD,White,2012,Aws system  full auto  5 rating car,14 in city  18 and above in highway,1200,Petrol,6500,MidSizeHatchback
Nissan x trail 2006,1800000,,,Manual - 4WD,Metallic gray,2006,,,2000,Diesel,99999,SUV / Jeep
PEUGEOT 3008|SUNROOF|SPECIAL 5678 NUMBER|AUTO ,5850000,,,Auto2WD,,2018,,,1600,Petrol,48000,SUVJeep
Kia picanto available for rent,4000,,,Manual2WD,,2007,,,1100,Petrol,,SmallHatchback
Ford Freestyle Titanium,2100000,,,Manual - 2WD,,2019,,,1200,Petrol,57000,Small Hatchback
rent Suzuki Swift ZXI 2007 model ,5000.6,rent,,Manual2WD,silver,2007,,,1298cc petrol engine,Petrol,,SmallHatchback
Creta sx 2021 model 9851137245,5300000,Personal ,,Manual2WD,Black ,2021,Full option ,13 ,1500,Petrol,35000,CompactSUV
HIGER EV 101 KWH - Liquid Cooled Battery ,8190000,,7 years or 4 00 000 km,Auto2WD,,2024,,,2024,Electric,,Van
Omni Van On Rent ( 7 seater ),5000,It was used for school  offices and hotel purposes,,Manual2WD,Silver,2016,,,796,Petrol,,Van
Ebuggy Driver Wanted,1,,,Auto4WD,,2024,,,,Electric,,Others
Creta sx 2021 model 9851137245,5300000,Personal ,,Manual2WD,Maroon,2021,Full option ,13/14,1500,Petrol,26000,CompactSUV
Renault Duster,3470000,Personal use,Reguler service no warranty  full insured,Manual2WD,Silver,2016,site covered  and mates,24350,1500cc,Diesel,24350,CompactSUV
Vehicle Rental,3999,EV,White,Auto2WD,White,2023,EV,White,EV,Electric,new,Others
Grand i10 magna 2017 model on sale 9851137245,2150000,Personal ,,Manual2WD,Grey,2017,Full option ,14,1197,Petrol,47000,SmallHatchback
Tata nexon xm s 2021 model with sunroof on sale ,2850000,Personal ,,Manual2WD,White ,2021,Full option ,14,1199,Petrol,40000,CompactSUV
Toyota corolla LX 2009 model is on sale ,1850000,Personal ,,Manual2WD,Grey,2009,Full option ,13 ,1600,Petrol,67000,Sedan
Hyundai Santro Sportz 2019  18000KM  23 lot  Sale,2200000,,,Manual2WD,,2019,,,1086,Petrol,18600,SmallHatchback
Eco van 7 seater2016,1325000,,,Manual2WD,,2016,,,1200,Petrol,590467,Van
Kia picanto ,965000,,,Manual2WD,Blue ,2010,Full options ,13,1086,Petrol,82,SmallHatchback
MG ZS EV 2023 Model with Sunroof/ Moonroof,4400000,Personal,,Auto - 2WD,Black,2023,Sunroof  Moonroof  Full Option,,,Electric,3500,Compact SUV
BYD Atto 3 Superior 2024 Model,5250000,Personal,,Auto - 2WD,Grey,2024,Automatic transmission  Sunroof  Full option,,,Electric,,Compact SUV
Toyota RAV 4 Hybrid 2020 Model Autogear,12500000,Personal,,Auto - 4WD,White,2020,Automatic transmission  Sunroof/Moonroof  Full option,,2500,Hybrid,,SUV / Jeep
Peugeot 3008 GT line 2021 Model with Sunroof,8500000,Personal,,Auto - 4WD,Red,2021,Automatic transmission  Sunroof  Full option,,1600,Petrol,,SUV / Jeep
Kia Picanto 2016 Model,1550000,Personal,,Manual - 2WD,Blue,2016,Full Option,,1000,Petrol,,Small Hatchback
Tata Tiago on selfdrive & with driver car rent,4500,,,Auto - 2WD,Black,2024,,,,Electric,25000,Mid Size Hatchback
Daihatsu Terios 2009 Grey,2500000,,,Manual - 4WD,Grey,2009,Fully loaded 4 wheel drive ,,1500,Petrol,,SUV / Jeep
Perodua Kelisa 800cc,425000,,,Manual - 2WD,,2006,,,,Petrol,,Small Hatchback
BEST MENTAINED MITSUBISHI PAJERO 2 MOTOR AIRCON,4500000,Personal family touring very reliable,,Manual - 4WD,Artic Silver,2001,"power....steering
power.....window
double motor aircon very cold conditiining
power.....door locks
power.....side mirrors
power......side mirror fold
power....attennae...
rear window defrost
rear window wiper",8,2800,Diesel,200000,SUV / Jeep
Nexon For Sale !!,4850000,,,,,,,,,,,
Mahindra Bolero SLS Power 2018 is on sale!,2400000,,,Manual2WD,White,2018,Full option,,1493,Diesel,52000,SUVJeep
Tata Yodha Reefer Cold Room Vehicle ,1500000,,,Manual4WD,,2022,,,,Petrol,25000,Others
Srm 5 Seater Cargo Van,3,4 months,Available,Auto - 2WD,,2024,Central lock front power windows power steering ac heater music system Digital irvm,300,,Electric,10600,Van
HONDA JAZZ 1.2 IVTEC,1450000,,,Manual2WD,Silver,2009,,14,1200,Petrol,69000,MidSizeHatchback
Ford ecosport 2017 petrol,2100000,,,Manual - 2WD,daimond white ,2017,,18,1496,Petrol,39363,SUV / Jeep
Toyota Hilux 2020 Model (Single hand),8200000,Personal,,Manual - 4WD,White,2020,Fully loaded  Single hand,,2800,Diesel,,Pickup
Toyota Hilux 2019 Model with canopy,7200000,Personal,,Manual - 4WD,White,2019,Full Option,,2500,Diesel,,Pickup
ford figo zxi 2014 model on sale,1150000,,,Manual - 2WD,seto,2014,,,1200,Petrol,58000,Mid Size Hatchback
Car with Driver for Hire,6000,,,Manual2WD,,2019,,,,Petrol,,CompactSUV
Hyundai i10 magna silver like new ,1850000,,,Manual2WD,Silver ,2014,,,,Petrol,19800,Pickup
BMW M8,2250,,,Auto - 4WD,,2000,,,,Diesel,,Others
TOYOTA GR SUPRA(DIECAST MODEL CAR),2250,,,Auto - 4WD,,1978,,,,Diesel,,Others
Hyundai i10 2019 Magna,2300000,,,Manual - 2WD,,2019,,,1197,Petrol,,Small Hatchback
Byd Atto 3 Superior 2023,5500000,,,Auto - 2WD,Silver white,2023,#forsale  BYD ATTO 3 superior long range EV 2023 (with Sun Roof)  Price = 55 00 000/- Color = white Odometer = 33000 Kilometers Battery Capacity = 60.48 KW Ground Clearance = 180 mm  Panoramic soonroof  moonroof  Push Start  Power Windows  steering mounted controls  coling seat   electric adjustment seat LCD Infotainment System  360• camera  Antilock Braking System  ebd  Power Steering  EORVM  Air Condition  8 Airbags  Music System  Rear parking assist camera  Center Locking etc  ,420,,Electric,14000,SUV / Jeep
Proton Car 2005 Model 9823657076,475000,,,Manual - 2WD,,2005,,,1500,Petrol,,Sedan
Proton Car 2005 Model 9823657076,475000,,,Manual - 2WD,,2005,,,1500,Petrol,,Sedan
KIA RIO 2004 Model 9823657076,410000,,,Manual - 2WD,,2004,,,,Petrol,,Sedan
2017 Model Toyota Fortuner on sale automatic,13500000,,,Auto4WD,Grey,2017,,10,2700,Diesel,63 000,SUVJeep
ISUZU S CAB DMAX 2021,3300000,,,Manual2WD,WHITE,2021,,,2499,Diesel,52000,Pickup
Chevrolet corvette stingray 1963,1850,,,Auto - 4WD,,1963,,,,Diesel,,Others
Kia Rio Hatchback On Sell & Exchange,800000,,,Manual2WD,Red,2007,,,1400,Petrol,,MidSizeHatchback
vintage Mercedes Benz,1850,,,Manual - 4WD,,1954,,,,Diesel,,Others
Full fresh Gypsy 1998 modal,725555,23,No,Auto4WD,White,1998,4wd,15,1000,Petrol,381355,SUVJeep
Volkswagen Tiguan for sale,3000000,,,Manual - 4WD,gray,2011,,12,2000,Petrol,90000,SUV / Jeep
4 EXCHANGE ONLY CLASSIC  1981 SUZUKI JIMNY CLASSIC,2000000,JOY HAPPY ADVENTUROUS RIDES FIR 44 YEARS,,Manual - 4WD,ORIGINAL BEIGE,1981,RADIO MANUAL WINDOW FANTASTIC OFF ROADING 4×4,12,797,Petrol,110000,Compact SUV
COROLLA LX 2010,2250000,,,Manual2WD,SILVER,2010,,,1597,Petrol,74585,Sedan
Second hand wagon r,800000,,,Auto2WD,,2008,,,,Petrol,,SmallHatchback
Tata Nexon Xz+,2500000,Family  business,Bases on tata rules,Manual - 2WD,Daytona grey,2018,Full option,16,1200,Petrol,65000,Small Hatchback
Datsun Go 2016 Model,1050000,Personal,,Manual - 2WD,Red,2016,Full Option,,1200,Petrol,,Small Hatchback
BYD Atto 3 Superior 2024 Model,5200000,Personal,,Auto - 2WD,Red,2024,full Option  Automatic Transmission  Sunroof,,,Electric,,Compact SUV
MAZDA CX5 AWD | PETROL | 2WD | (Mazda),7500000,,,Auto2WD,Silver ,2015,,,2488,Petrol,,CompactSUV
Tata winger cargo van 2014,550000,deliver,,Manual2WD,white,2014,,14,1948,Diesel,70000,Van
Naza by Peugeot 2007 Model  Automatic Gear Forsale,1200000,,,Auto - 2WD,Red,2007,Power steering  Power window  5 seater,,1350,Petrol,69000,Small Hatchback
Nissan Sunny Ex Saloon Japanese AMT 2001 ,775000,,,Auto2WD,Metallic Blue,2001,Power Window   Power Steering   Central Lock   ABS,,1497,Petrol,147108,Sedan
Car for rent,3000,,,Manual2WD,red,2007,,14,1100,Petrol,,SmallHatchback
Nissan Sunny Ex Salon,1250000,Private ,No warranty ,Manual - 2WD,White ,2010,Power steering power window  air condition double air bags lcd touch screen music system  electric power mirror system center lock  (abs) breaking system fog lights ,10,1600,Petrol,75000,Sedan
fast & furious,2550,,,Auto - 4WD,,1970,,,,Diesel,,Others
Toyota RAV 4 2018 Model,7000000,Personal,,Manual - 4WD,Grey,2018,Fully loaded,,3000,Petrol,,SUV / Jeep
Single hand  Very low price luxury sub sale ,5500000,,,Auto2WD,White,2017,,,,Petrol,50000,CompactSUV
TOYOTA MARK II LX90 Only 7pcs In Nepal,1750000,,,Manual - 2WD,Silver,1995,TOYOTA MARK II LX90 Classic JAPANESE FULL SIZE ROYAL SALOON at its best!!! *Selling only to true classic car enthusiasts. *I know I’ll regret after selling this. Only selling as I need cash to build my other project cars.  30 years down and the car is still maintained in factory condition. 100% accident free!! Interior is as good as new. Driving comfort and pleasure that gives while pressing the gas pedal down to the floor…… I’ve no words to describe!!! Only 7 imported back then in Nepal. Please tag other 6 if you know where / with whom they are now.  MODEL.   LX90 (Groire edition ) YEAR.       1995 ENGINE.    2LTE (2500CC TURBO DIESEL) PRICE.       17.5 lakhs (accepting nearest offer only)   #toyota #mark2 #lx90 #groire #limited #limitededition #crown #corona #nepalicruiser #hamrogarage #carstorenepal #vintageandclassicwheelsnepal #nepalimistri #nepalirepair #carrepair #carkhana #garage #restoration #repair #upgrades #modification #bodylift #facelift #restoration #garage #classiccarsnepal #classiccars #nepalicarguy #nepalicarcommunity #offroad #offroadnepal #nepalicruiser #hamrogarage #carstorenepal #nepalimistri #cartiktok #jeeptiktok #9813571777,,2500,Diesel,100000,Sedan
kia Sportage petrol 2018 single hand,4200000,,,Manual - 2WD,brown,2018,,,2000,Petrol,,SUV / Jeep
Santro for sale 2007 900000 only,800000,18,,Auto - 2WD,silver,2007,,15,1100,Petrol,500000,Small Hatchback
Toyota Land cruiser Prado TX 2014 Model,12500000,Personal,,Manual - 4WD,White,2014,Full Option,,3000,Diesel,,SUV / Jeep
Honda Wrv Disel 2018 1500cc Japanise,3300000,,,Manual - 2WD,Silver,2018,Top wala push starts button airbag allow wheesl soonroof fully lodadad,15,1500,Diesel,43000,SUV / Jeep
Nissan Kicks XV 2020,3350000,,,Manual2WD,White,2020,Power window  Power steering  Central lock  Alloy wheels  Air Conditioning  Air bags   Projected headlights  Fog lights,,1498,Petrol,39888,CompactSUV
Sale Chevrolet Spark Car Sale,680000,Personal Use,,Manual2WD,Blue,2009,,14,995,Petrol,85000,SmallHatchback
Car For Sale Chevrolet Spark,675000,Personal Use only ,,Manual2WD,Blu,2009,,14,995,Petrol,80000,SmallHatchback
Tata Safari Storme VX 2016 Model,2000000,Personal,,Manual - 4WD,White,2016,7 seater  4wheel,,2200,Diesel,,SUV / Jeep
SANTA FE GLS FOR SALE - IMPORTED FROM KOREA,4000000,,,Manual - 4WD,Red,2012,,14,2200,Diesel,72000,SUV / Jeep
Tata Nexon Electric Vehicle 2022 made model XZ+,2850000,3 years,5 year warranty on battery ,Auto2WD,White,2022,Compact Suv,80-160,,Electric,60000,CompactSUV
Taxi,4399000,,,Auto2WD,Whitw,2025,,,,Electric,,Sedan
2012 Aveo Very Fresh,1000000,,,Manual - 2WD,Grey,2012,Full option,14,1399,Petrol,58000,Sedan
Hyundai Grand I 10 Asta,200000,New,no,Auto2WD,Maroon,2015,No,40000,1197,Petrol,40000,SmallHatchback
✨ Nissan Terrano XL 2018 Model On Sale,2275000,,,Manual - 2WD,Black,2018,,12,1599,Petrol,40000,SUV / Jeep
Eicher Truck for sale!!,1234567890,,,Manual2WD,,2016,,,,Diesel,,Truck
JIAYUAN City Spririts,1200000,,,Auto - 2WD,Marun,2020,#forsale  JIAYUAN CITY SPIRITS  Price = 12 00 000/- Color = marun Odometer = 13k  Kilometers Battery Capacity = 17.8 KW  LED daytime running lights Panoramic roof Electronic opening rear door BlueTooth™? for smartphone Radio  GPS  mp5  DVR Rear camera Automatic transmission Rear wheel drive McPherson Suspension 4-wheel disc brakes Aluminium alloy wheels Maximum speed 75Km/h Autonomy 120Km (40Km/h) Charging time 4-5 hours in normal charge   Raaz auto center  Balkhu  Kathmandu ??9851075048,,,Electric,12000,Others
Scorpio Jeep For Rent,6999,,,Manual - 4WD,,2018,,,2200,Diesel,,SUV / Jeep
Chevrolet Spark 2009 Model  ,575000,,,Auto4WD,Red,2009,,12,995,Petrol,72000,CompactSUV
Electric SUV Tata Punch.EV car Hire Rental with dr,4500,,,Auto - 4WD,,2025,,,,Electric,,Compact SUV
Volkswagen tiguan ,3000000,Private ,,Manual4WD,Silver ,2011,Full option ,10,2000,Petrol,61000,CompactSUV
Sangyong kyron ,1600000,Personal ,,Manual4WD,Silver ,2008,Full option ,10,2000,Diesel,60k,CompactSUV
Suzuki Grand vitara for sale ,1300000,Private ,,Manual4WD,Blue ,2002,Full option ,8,2000,Petrol,71000,CompactSUV
Kia Seltos HTK Plus 2022 Model,5500000,Personal,,Manual - 2WD,Grey,2022,Sunroof  Full option   Single hand,,1500,Petrol,,Compact SUV
FORD MUSTANG,2050,,,Manual - 2WD,,1964,,,,Diesel,,Others
1967 shelby GT500,2050,,,Auto - 4WD,,1967,,,,Diesel,,Others
2013 sunny japnese doctor use sale exng50%loan. ,1550000,,,Manual2WD,Grey,2013,Dual airbag alloywheel electric orvm powerwindow etc.,,1400,Petrol,43000,Sedan
VW Golf 1.6 German Made,2000000,,,Manual - 2WD,Silver,2010,,10,1600,Petrol,92000,Mid Size Hatchback
Reserve for Haise 14 Seater Van,8000,,,Auto - 2WD,,2024,,,,Electric,42000,Van
Chery QQ Sasto car under 5 lakhs exchange offer,525000,Personal,Yes,Auto2WD,Silver,2009,Full features ,20,800,Petrol,52,SUVJeep
Mahindra E20   Car sell ,850000,,,Auto2WD,,2011,,,,Electric,,Others
BYD ATTO 3 (Superior- Long Range),5500000,,,Auto - 2WD,Gray,2023,,,,Electric,22000,Compact SUV
Full Option Single Owner 2016 Renault Duster 4WD,2750000,,,Manual4WD,White,2016,,,1500,Diesel,65000,SUVJeep
Ford ecosport Thunder 2019 model ,2950000,,,Manual4WD,,2019,,,,Petrol,58k,SUVJeep
Toyota Land Cruiser Prado (Sale or Rent),7100000,,,Manual4WD,White ,2007,,10,3000,Diesel,86000,SUVJeep
Ford Endeavour Titanium 2020 Model with Sunroof,12500000,Personal,,Auto - 4WD,Golden,2020,Automatic transmission  Sunroof,,2800,Diesel,,SUV / Jeep
Daihatsu Sirion 2003,575000,Office ,,Auto - 2WD,Light blue,2003,Full option,16,989,Petrol,130000,Others
maruti omni van 8 seater,530000,,,Manual - 2WD,gray,2009,,,850,Petrol,,Van
2021 Mahindra backhoeloader,2000000,,,Auto4WD,,2021,,7,,Diesel,3000/hrs,Truck
Byd Atto 3 Superior 2023 Long Range,5500000,,,Auto - 2WD,Greay,2023,#forsale  BYD ATTO 3 superior long range EV 2023 (with Sun Roof)  Price = 54 00 000/- Color = smokey  Odometer = 33000 Kilometers Battery Capacity = 60.48 KW Ground Clearance = 180 mm  Push Start  Power Windows  steering mounted controls  coling seat   electric adjustment seat LCD Infotainment System  ebd  360• camera  Antilock Braking System  Power Steering  EORVM  Air Condition  Airbags  Music System  Rear parking assist camera  Center Locking etc  Raaz auto center  Balkhu  Kathmandu  ??9851075048,,,Electric,33,Compact SUV
Suzuki Celerio Car for sal  Model-2018,1825000,5 yrs,No,Manual2WD,Gray,2018 Last,Options ,16,998,Petrol,42000,SmallHatchback
2020 Nissan Kicks Xv Premium At Lowest Rate,3650000,,,Manual - 2WD,White,2020,,,,Diesel,43000,SUV / Jeep
Maruti Suzuki Swift 2009 Model Single hand ,1350000,,,Manual2WD,White ,2009,Power steering  Power window  5 seater  Fog lights ,,1300,Petrol,71000,Sedan
Toyota Land cruiser Prado TX 2017 Model,15500000,Personal,,Manual - 4WD,Silver,2017,Full option,,3000,Diesel,40000,SUV / Jeep
Tata Ev Taxi 2023,4000000,2 years ,5 years Or 160000 Km,Auto - 2WD,White,2023,Ac power steering power window,200,5500,Electric,60000,Sedan
Venue for self drive car rent and wedding,5800,,,Manual - 2WD,Silver,2019,,,,Petrol,,Compact SUV
TATA ZEST XM (DIESEL),1849000,Private ,6 months,Manual2WD,Platinum Silver,2017,Key features include power steering  power window  anti lock breaking system  airbags  automatic locking system  child safety lock  remote central locking  engine immobilizer  etc,22,1248,Diesel,50581,Sedan
Mitsubishi Pajero Sports 2021 Model Autogear,16500000,Personal,,Auto - 4WD,Navy Blue,2021,Full option,,2500,Diesel,,SUV / Jeep
DFSK glory 580 ,4500000,5 years ,,Manual2WD,White ,2019,Almost brand new showroom like condition  diamond coated,7-12 ,1500,Petrol,13000 running ,SUVJeep
Jeep compass Parts available.,1,,,Manual4WD,All,2019,,,1990,Petrol,1,CompactSUV
Suzuki Swift ZXI 2014 On Sale [No Exchange],1875000,,,Manual2WD,White,2014,Full Option,,1197,Petrol,47000,MidSizeHatchback
Skoda rapid Sedan for rent and wedding weddings,9500,,,Manual - 2WD,,2013,,,,Petrol,,Sedan
Mg zs 2024 model rent Self drive wedding weddings,8500,,,Auto - 2WD,,2024,,,,Electric,,Compact SUV
Baleno self drive car rent hire wedding weddings,5000,,,Manual - 2WD,,2017,,,,Petrol,,Mid Size Hatchback
ECCO van 2013 model,975000,personal hospital,no,Manual - 2WD,silver,2013,manual,18,1196,Petrol,90000,Van
Renault Duster Rxs 2017 For Sale,2275000,8 ,Manufacturer/Importer ,Manual - 2WD,White ,2017,Front & Rear Side Power Windows  Power Steering  Adjustable Steering  Airbag  ABS  Electric ORVM  Alloy Wheels   Rear Wiper  Defogger & Many more...,12,1498,Diesel,56000,SUV / Jeep
KIA SPORTAGE FOR SALE,2275000,Personal ,,Manual4WD,Grey,2011,Full options,10,2000,Diesel,,CompactSUV
Toyota Rav-4 2016,8500000,,,Auto - 4WD,Silver,2016,,,,Petrol,50343,SUV / Jeep
Toyota Rav4 2010 4/4,2500000,7 years,N/A,Manual - 4WD,Red,2010,All,12,2400,Petrol,92000,SUV / Jeep
Winger van mini bus (Full option),2700000,,,Auto - 2WD,white,2019,,,2200,Diesel,17000,Van
Swift Maruti Suzuki Vxi 2016,1950000,,,Auto - 4WD,Silver,2016,Power steering power windows ac allow wheels ,15,1200,Petrol,65000,Mid Size Hatchback
urgent sale,1250000,family,no,Manual - 2WD,red,2014,well conditioned,15,1248,Petrol,53000,Others
Kia Sportage Disel 2000 Crdi,4800000,,,Manual - 4WD,Smokey greay,2017,KIA SPORTAGE crdi   6 speed manual gear   Make a year = 2017 Price = 4800000/- Color = smokey greay Odometer = 52000 Kilometers Engine = 2000cc disel  Ground Clearance = 198 mm  Full options   alloy wheels  Power Windows  steering mounted controls  LCD Infotainment System  Antilock Braking System  Power Steering  Air Condition  Airbags  Music System  rear view camera   Center Locking etc  ,16,2000,Diesel,48000,SUV / Jeep
2015 MODEL FRESH  DIESEL  CRETA JEEP ON SALE,2900000,,,Manual2WD,SILVER,2015,FULL OPTION,,1582,Diesel,77000,CompactSUV
सुजुकी ब्रेजा जेडडीआई प्लस २०१६ मोडल,2700000,2016 model ,??? ????,Manual2WD,Blue,????,?????? ?????? ,24,1248cc,Diesel,36 ???? ,CompactSUV
Hyundai tucson 4wd,30,10,,Manual - 4WD,silver,2011,,,2000,Diesel,90000,SUV / Jeep
vehicle for sale,450000,,,,,,,,,,,
2013 Honda Amaze Manual Car On Sale,1700000,Personal Use,,Manual2WD,Majestic Blue,2013,Air Conditioning  Keyless Entry  USB and AUX Connectivity,18 kmpl,1198 cc,Petrol,61000,Sedan
SRM Electric 5-Seater Cargo - No Office time,3600000,,,Auto - 2WD,,2024,,,,Electric,,Van
Hyundai i20 Magna 2010 model for SALE!,1400000,14,No,Manual2WD,Silver,2010,,10,1200,Petrol,53000,SmallHatchback
Car For Sale || Tata Indigo Tdi,525000,,,Manual - 2WD,Silver,2009,,,1405,Diesel,129154,Sedan
Zotye 1.3 in superb condition for sale. Hurry up.,1000000,Used as Project car.,none,Manual - 2WD,Red,2009,"#Engine: 1.3 ltrs.
#Ac/Heater.
#Upgraded sound system.
#Upgraded alloys with radial off-road              tyres.
#Modified interior & interior.
#Leather seats
#Fog lamps
e.t.c",12,1300,Petrol,123241,SUV / Jeep
RUSH AMT 2018,5800000,,,Auto2WD,WHITE,2018,,,1496,Petrol,55500,SUVJeep
Swift Desire 2010,1175000,14 years,,Auto - 2WD,silver,2010,Power window  power steeing,18,1200,Petrol,112000,Small Hatchback
Skoda Yeti for Sale 2012 Model (4X4),2100000,,,Manual4WD,Black Magic ,2012,,17.7 Km/pl,2000,Diesel,88000,SUVJeep
"Bolero Pick Up Single Cab Full Fresh 
No Exchange",1150000,,,,,,,,,,,
Suzuki Celerio,1775000,4,,Manual - 2WD,Silver,2019,Perfect family car,21,1000,Petrol,25000,Mid Size Hatchback
Toyota Etios-14 model for Sale,1750000,,,Manual4WD,grey,2025,,23 km per litre,1400 cc,Petrol,70000 km,CompactSUV
Kia Sportage 2019 Fresh,4950000,Self ,Company ,Manual - 2WD,Premium grey ,2019,Fully loaded ,11,1998,Petrol,53000,Compact SUV
Hyundai Santro,850000,Light use,,Manual - 2WD,Silver white (Frost dew),2004,Ac   5 seat   full option,15,1086,Petrol,70000,Small Hatchback
Toyota Rav4,6100000,4years,NO,Manual - 4WD,white,2016,,,2500,Petrol,47000,SUV / Jeep
volkswagon touarage,6950000,12 yrs,no,Auto4WD,black,2011,every modern features,,3000,Diesel,90000,SUVJeep
SRM 5-Seater Cargo Electric Van - No Office Time,3600000,,6,Auto - 2WD,,2024,,,,Electric,,Van
SRM Electric 2-Seater Cargo Van,3400000,,6,Auto - 2WD,,2024,,,,Electric,,Van
Daihatsu Terios 2005 Model 4WD,1250000,,,Manual4WD,Blue,2005,,,1300,Petrol,93000,SUVJeep
Datsun Redi Go  December 2016,950000,,,Manual - 2WD,grey,2016,,,800,Petrol,9500,Small Hatchback
NISSAN KICKS ,3599000,,,Auto2WD,,2019,,,1498,Diesel,,CompactSUV
Kia seltos 2021 Model,4199000,,,Manual2WD,,2021,,,,Petrol,,CompactSUV
Volkswagen polo 1.6 (2013),1600000,Going college and personal use,None,Manual2WD,White,2013,Strong German Engine,14-15,1600,Petrol,60000+,MidSizeHatchback
Hyundai Elantra GLS 2014 Model,2400000,Personal,,Manual - 2WD,Blue,2014,Full option,,1500,Petrol,,Sedan
Omni van on sell . smooth condition Direct call,400000,7month,1month,Manual - 2WD,white,2014,,20,800,Petrol,98023,Van
Electric Carriage/ Bihe Ko Baggi,60000,,,Auto - 2WD,,2022,,70,30,Electric,70,Others
FIAT Avventura 1.4 Dynamic 2015 model,1350000,,,Manual - 2WD,Orange,2015,,,1368,Petrol,68000,Compact SUV
Toyota Land Cruiser (1Hz engine),3300000,,,Manual - 4WD,,1996,,,4200,Diesel,,SUV / Jeep
Geely mk1.5 ,650000,Personal,,Manual2WD,Silver,2010,Lcd touch screen full option allow wheel,12 Inside valley,1498,Petrol,40K,Sedan
"Hyundai Accent On Sale 
Cn 9808069712",1100000,Personal,No,Manual - 2WD,Silver ,2009,Perfect ,15,1400,Petrol,74000,Sedan
Hyundai I20 Asta 2010 Full Option On Sale,1525000,,,Manual2WD,White,2010,,,1200,Petrol,41000,MidSizeHatchback
Suzuki ignis alpha dual tone ,2100000,,,Auto2WD,RED,2017,,,1200,Petrol,45k,CompactSUV
Hyundai Ioniq 5 GLS 2021 Model,7200000,Personal,,Auto - 2WD,Grey,2021,Automatic transmission  Sunroof,,,Electric,,Compact SUV
hyundai i 10 1.2 magna car for sale,1250000,yes,on,Manual - 2WD,si,2010,good ,13,1200,Petrol,48000,Others
Nissan X-trail 2016 single hand auto with sunroof,5500000,,,Auto - 4WD,white,2016,,,2000,Petrol,,SUV / Jeep
Hyundai Tucson 2019 November full maintain,6000000,4.5 years,,Manual2WD,Marion,2019,,12,2000,Petrol,39000,CompactSUV
Chevrolet Car on sell ,835000,Private ,,Manual2WD,Silver ,2009,A/C ,15+,1200,Petrol,55000,Sedan
Honda amaze well condition Daisai Offer,1350000,11,,Manual - 2WD,maroon,2013,Full option,15,1200,Petrol,82000,Sedan
Suzuki Breeza Car Diesel version on Sell,3500000,,,Auto2WD,,2019,,,,Diesel,,Sedan
Tata yodha,2100000,,,Manual - 2WD,,2021,,,,Diesel,,Pickup
FOR SALE,3500000,,,Manual4WD,Gray,2013,,,2696,Diesel,61000,SUVJeep
2016 ko SKODA RAPID ACTIVE 1.5 DIESEL FOR Sales,1650000,,,Manual - 2WD,,2016,,,,Diesel,,Sedan
GWM HAVAL H6 (Full option),8500000,,,Auto4WD,WHITE,00,,,,Diesel,,CompactSUV
Nissan Super Sunny -model 2008,1100000,,No,Manual - 2WD,Golden,2008,Power Steering  Power Windows  Airbags  Air condition  Alloy Wheels  Reverse Camera  Radio  Spacious dashboard / storage system ,,1597,Petrol,60275,Sedan
Nissan Sunny -Petrol,1100000,,,Manual - 4WD,Golden,2008,- Power Window - Power Steering - Central Lock - Tubeless Tyres - Air Bags - Air Conditioner - Manual - Electric Side Mirror,,1600,Petrol,60267,Sedan
MG petrol,3500000,self use ,5,Auto2WD,white,19,all features,10,1600,Petrol,32000,SUVJeep
For sale Mahendr Bulero 2019,1800000,,,Manual4WD,,2019,,,,Diesel,,Pickup
Hiace Toyota ,3299999,,,Manual2WD,,2015,,,,Diesel,,Bus
Suzuki Swift 2010,1350000,,,Manual - 2WD,Red,2010,,,1249,Petrol,62000,Small Hatchback
Nissan Sunny,1500000,,,,,,,,,,,
Creta S 1497 cc,4300000,,,Auto4WD,Grey ,2020,,,1497,Petrol,18000,SUVJeep
BACKHOE LOADER-MBLX-900 WARRIOR,4800000,,,,,,,,,,,
Mitsubishi Pajero (2017 Model),15000000,,,Auto4WD,Black,2017,,,3200,Diesel,44000,SUVJeep
Scorpio ,1525000,,,Auto4WD,,2008,,,,Diesel,,SUVJeep
Reva - Revai EV Car,560000,,,Auto - 2WD,Green,2012,,,,Electric,10200,Small Hatchback
Urgent! Bolero camper pick up double cabin sale ,1599999,,,Manual2WD,,2016,,14-18.Km,24000cc,Diesel,,Pickup
Car,1385000,,,Manual - 2WD,Gray,2010,,19,1197,Petrol,52000,Sedan
Duster 2017 model 2w Rxe On Sell,1900000,,,Manual - 2WD,Brown,01,,,1598,Petrol,,Others
MG GS for sale,3000000,5,,Auto2WD,orange,2018,alot,11,1490,Petrol,,CompactSUV
Honda BRV IVTEC 2017 Model (7 seater),3200000,personal,,Manual - 2WD,Maroon,2017,Power steering  Steering Mount Control  Power window  AC  Airbag  ABS  7 seater,,1500,Petrol,39000,SUV / Jeep
Chevrolet UVA-AVEO LT 2008 Full Option,650000,,,Auto2WD,golden,2008,,,1200,Petrol,68000,MidSizeHatchback
Bolero camper double cabin pick up for sale,1599999,,,Manual2WD,,2016,,14-17,24000cc,Diesel,,Pickup
Peugeot 308cc convertible,11500000,,,Auto - 2WD,red,2012,,,2000,Petrol,33000,Sedan
hyundai i10  full option for sale 9851249975,1350000,,,Manual - 2WD,se,2010,good ,15,1197,Petrol,72000,Others
Datsun car for sale,1500000,4 years,no,Auto2WD,grey,2017,semi option,14,800,Petrol,27000,SmallHatchback
2017 Ford Ranger,10000000,5,,Manual4WD,Metalic Grey,2017,,10,3200,Diesel,40000,Pickup
Special custom build full 4WD Scorpio for sale ,2400000,,,Manual4WD,White ,2007,Electric shifter Full 4WD system  complete leather seats  Origanal  Sony touch screen music player with 8 speakers   powerful rear ac   front and rear fog lights   rear defogger   rear camera   front and rear heavy duty bumper guard   heavy steel carrier and many more features ,,2600 Turbo charged engine,Diesel,90000,SUVJeep
Peugeot 3008  Model - 2018,7500000,Personal,No,Auto2WD,Silver,2018,-,12,1598,Petrol,88562,SUVJeep
Japanese Daihatsu sirion 2001,400000,,,Manual2WD,Red,2001,,,1000,Petrol,,MidSizeHatchback
TATA indica V2,725000,,,Auto - 2WD,,2015,,,,Diesel,,Others
Scorpio Lx on sale,1500000,,,Manual - 2WD,Silver,2009,,10,2600,Diesel,105000,SUV / Jeep
Baleno|Delta|2018 model|4000kms|Sale,3000000,Few,No,Manual2WD,Granite grey,2018,,17,1,Petrol,4000,MidSizeHatchback
JEEP SINGLE OWNER,1650000,,,Manual - 4WD,Red,1996,I call her JEEP!!! ASIA ROCKSTA (KOREAN JEEP) 9813571777 SINGLE OWNER TILL DATE SINCE 1996!!!!  * Only selling to a serious Japanese classic car lover or enthusiast who will take care of her at least better than me.  Model.   1996 / ROCKSTA Engine.   2200CC KIA Fuel.        Diesel Features.  ICONIC RETRO LOOKS AND FEELING!! Price.       16.5 Lakhs (Accepting nearest offer)  NO AIRBAGS | NO ABS | NO A/C | NO POWERSTEERING | NO ELECTRONICS  Rarely available in the market for sale!!! Everything is in stock/ factory condition. 100% accident free!!! ICONIC AMERICAN DESIGN AND RETRO LOOKS OF A JEEP. Very economical daily driver.  Everything is in original condition/ factory condition. Brand new all four tyres and alloy wheels. No major/minor accidental impacts on frame. Original seat covers  door pads  newly furnished interiors  new brake pads and front brake discs. With A/C  power steering  rear defogger  keyless remote entry  etc. The engine and body-frame are in the best condition. No major repairs required. New battery   fully serviced recently (engine oil and gear oils changed too). Neat and clean interiors  premium luxurious  seats.  *Tax and insurance up-to-date until 80/81. *Exchange possible with any make.,,2200,Diesel,50000,SUV / Jeep
TATA Zest XM  Model - 2015,1500000,Peronal,No,Manual2WD,Dune Beige,2015,-,17,1193,Petrol,83000,Sedan
SUB @ Hetauda like new on Sale,2200000,,,Auto2WD,Silver,2018,,,,Petrol,7800,SUVJeep
Hyandai Santro car for sale,975000,5 years,No,Manual2WD,Silver,2007,Full option (Centre lock  power steering  ,12 kms,1200,Petrol,100000,SmallHatchback
Chevrolet Aveo 2011 Mode,1099999,,,Manual2WD,Gold,2011,,,1600,Petrol,60000,Sedan
Mega XL hatti gadi ,800000,4 years,,Auto2WD,Brown ,2020,,,,Diesel,26000,SUVJeep
Maruti Suzuki Baleno,2001000,,,Auto2WD,Silver,2016,,,,Petrol,52000,MidSizeHatchback
Hyundai Tucson 2019 Model,6500000,Personal,,Manual - 4WD,Maroon Red,2019,,,2000,Petrol,,Compact SUV
Kia Carens 7 Seater,1050000,,,Manual - 2WD,Red,2004,,,1991,Diesel,92000,Sedan
TATA LPO 1512 TC/53 Route Bus 2016 Model,1350000,,,Manual2WD,,2016,,,,Diesel,,Bus
Single Hand - Maruti Suzuki Omni Seater Van,630000,,,Manual2WD,Blue,2012,,,800,Petrol,50000,Van
Car on sell,1899000,8,No,Manual2WD,Maroon ,2015,Asta full option ,15,1200,Petrol,45000,SmallHatchback
Japanese Suzuki Grand Vitara 2006 Urgent Sale !!,1950000,,,Manual - 4WD,Maroon,2006,,8,2000,Petrol,61000,SUV / Jeep
Nissan full luxury car,950000,,,Manual2WD,Red ,2007,,16,16000,Petrol,,Sedan
Electric Taxi Automatic For Booking Open,4600000,Brand new,5 years ,Auto - 2WD,Polar white ,2023,Full loaded ,225,307,Electric,307,Sedan
ford figo titanium ,1200000,personal use,-,Manual2WD,black,2013,-,10-15,1196,Petrol,62000,MidSizeHatchback
2013 Model Tata Sumo Gold Cx On Sale,1100000,Private,No,Manual - 2WD,Silver,2013,Center lock back camera fresh,11,2966,Diesel,440000,SUV / Jeep
BYD e6 | ELECTRIC | MPV | 2WD AUTOMATIC|,4800000,,8 years,Auto2WD,Blue,2019,,500,,Electric,15000,Others
Maruti Suzuki Ritz,1100000,,,Manual - 2WD,coffee,2011,,,1200,Petrol,60000,Small Hatchback
Jeep Compass Sport ,6000000,,,Manual2WD,,2021,,,,Petrol,,SUVJeep
Renault Triber Contact 9801846266,2299999,Personally ,No,Manual - 2WD,Sliver White,2021,Full options loaded with Airbags Backcamera with sensors etc,14,1000,Petrol,53500,Mid Size Hatchback
Jeep Compass Trailhawk 2020 auto 4wd sunroof,8400000,,,Auto4WD,Black,2020,,,1956,Diesel,38000,SUVJeep
कार taxi आदी सबै यक ठाउँ Pls Visit Our Location,4575000,School ,No,Auto - 2WD,Parpal blue ,2012,Normally ,15,800,Petrol,62385,Van
S10 Picup 2021,4000000,family,,Auto - 4WD,Gray,2021,,,2100,Diesel,37000,Truck
Toyota Hilxu Japanese,1825000,,,Manual - 4WD,Dark Green,1994,,,2779,Diesel,,Pickup
rav 4,5200000,,,Auto - 4WD,metalic,2010,,10,,Petrol,25000,SUV / Jeep
TAXI TATA X PREST T AND ALTO HYUNDAI ETS,4555000,Need to be use ,5 years ,Auto - 2WD,White ,2023,All available ,307,55,Electric,307,Sedan
Full Option 2015 Hyundai Creta Diesel SX,3350000,,,Manual2WD,Silver,2009,,,1600,Diesel,71000,SUVJeep
Honda civic 2017,7000000,Personal use,,Auto2WD,Black,2017,,12,1800,Petrol,30000,Sedan
SUZUKI OMNI VAN 2007,450000,,,Manual - 2WD,silk silver,2007,,16,800,Petrol,50000,Van
maruti suzuki ko wanager mesi optiam car for sale,575000,,on,Manual - 2WD,slver,201,All good ,13,1061,Petrol,71000,Others
Ford Classic 2011 Model On Sale,1100000,,,Manual - 2WD,Black,2011,,10,1600,Petrol,,Sedan
Escort Road Roller,2099999,,,Auto - 4WD,,2017,,,3000,Diesel,8000,Others
Tata Tipper 6 Wheeler,1299999,,,Manual - 2WD,White,2018,,,4500,Diesel,38000,Truck
Chevrolet 2011,600000,,,Auto2WD,Red,2011,Semi option,59272,1.2,Petrol,,SmallHatchback
Van Maruti,400000,,,Auto - 2WD,White ,2012,,18,800,Petrol,80,Van
Car-Datsun Go full option,1200000,Personal Home,No warranty ,Auto4WD,Gray,2015,VERY comfortable ,15 KM Per liter,1200,Petrol,58000,Others
Hyundai Tucson 2012 Fully Loaded Automatic,3600000,Year,No,Auto - 4WD,Dark grey,2012,All mentioned on descriptions ,10,1999,Diesel,68500,SUV / Jeep
Isuzu dmax,2500000,1 yr,0,Manual4WD,White ,2018,Very good,70000,6500,Petrol,70000,Truck
Car on Sale - Home to Office n Office to Home.,1300000,Excellent Car-related HOME OFFICE N OFFICE TO HOME,,Manual - 2WD,Silky Silver,2012,"Home to Office n Office to Home. Excellent Condition. Back Camera   Video Player   Central Lock   Power Stearing   Excellent Music system with New 4 Tyres of Apollo Brand.  Having regular servicing at every 4000 KM OR 6 month   whichever occur first   in each servicing changing Suzuki geneun parts of Oil Filter   Air Filter n Shell Japanese Brand Mobil having 5 W 30 Grade company recommended mobil. No any accident record with beautiful perfume smell having very positive vibes into Car internal environment. Having single spare tyre and Car is running always in very clean condition. No any even minor damage. 
Very Excellent Car.  Due to Car Upgrade   wants to sell this one   no any reason for saling car except that one. 
Thank u
Have a nice Day
Bye",20,1000,Petrol,75000,Mid Size Hatchback
Toyota's Hilux revo 2016,8500000,,No warenty,Manual - 4WD,Grey,2016,Can be driven in off road as well as piged rode this jeep got a excellent pickup,12,2800,Diesel,65000,Pickup
VINTAGE VOLKSWAGEN BEETLE 1968,1992000,,,Manual - 2WD,White,1968,"A finely restored VINTAGE Car won't come cheap.
I repeat  a 50+ year old vintage & iconic car in this 21st century is worth gold.
NAAMSARI HUNE 50+ yrs OLD VINTAGE GADI KO VALUE NEPAL MA PANI AAKASIDAI CHA like in the INTERNATIONAL MARKET !!!

*Only for VINTAGE car enthusiasts  others can kindly ignore this post.
*ONLY FOR SALE IN NEPAL. (Let's boycott international / Indian buyers)

MODEL.   BEETLE TYPE-1
YEAR.      1968
ENGINE.  1300 CC
Features. NO airbags  NO ABS  NO EBD  NO power windows  NO power steering  NO immobilizer  NO hill assist  NO parking sensors  NO car audio system with TESLA screen etc
Price.        19.92 LAKHS (Slightly negotiable for true vintage cars enthusiasts or collectors)

No signs of major or minor accidental impacts on frame or body.
No signs of under body rust.
Recently fully reconditioned to the best condition ever possible.
Regularly maintained in factory condition.
Zero modification.
Always been handled with extra care.
Certified documents.
*Tax and other documents updated until 79/80.
*NAAMSARI HUNCHA MAJJALE!!!!

It's been the ""PEOPLE'S CAR"" since its production started in 1945.

1968 was the year the name ""Beetle"" was given to the car. Volkswagen referred to the car as the ""Type 1"" until the 1968 model year.

1968 was the first model year that the Beetle received what many Volkswagen historians refer to as a facelift. New features were evident everywhere from new steel bumper design  to modern headlights and a more refined interior. Being more of a transitional model year  the 1968 Beetle boasts several one-year-only features such as a uniquely styled speedometer and specifically styled seats.",,1300,Petrol,75000,Mid Size Hatchback
Santro (Narayani Anchal),375000,,,Manual2WD,,2001,,,,Petrol,,SmallHatchback
MARUTI SUZUKI DZIRE 2013,1455000,10 years,no,Auto2WD,green,2013,VXI,16,1100,Petrol,60000,Sedan
Skoda Laura 2012 Diesel,1500000,10 years,Expired,Manual - 2WD,Silver,2012,,12,2000,Diesel,90000,Sedan
Volkswagen Polo 1.6 Highline 2019 1600 Cc,2500000,,,Manual2WD,Reflex Silver,2019,,,1600,Petrol,30000,MidSizeHatchback
Datsun Redigo 2021,1200000,,,Auto - 2WD,Grey,2021,Dual Air Bag ABS+EBD Electronic Power Steering Power Windows Air Conditioner 8′ Infotainment System Keyless Entry Day Time Running Light With Fog Lamps.,,1000,Petrol,29000,Small Hatchback
toyota sera 1991,1300000,,,PowerSteering,,1991,,,1600,Petrol,,Sedan
Mitsubishi Pajero DI-D 2014,8900000,,,Auto4WD,White,2014,Full Automatic Transmission  ,,3.2,Diesel,80 000,SUVJeep
Grand Vitara 2023,6299000,New,5 years,Manual - 4WD,all Colors ,2023,Sunroof  360 view camera  ventilated seates  HUD  ambient light  wireless Charger,28,1500,Hybrid,300,SUV / Jeep
Ford EcoSport Titanium 2015 Petrol,2200000,,,Manual Gear - 2 WD,Silver,2013,Power Window Power Steering Central Lock Alloy Wheels Keyless Remote Entry Tubeless Tyres Air Bags Anti-lock Braking (ABS) Air Conditioner - Manual Air Conditioner - Automatic Steering Mounted Controls Projected Headlight Fog Lights Electric Side Mirror (ORVM),,1498,Petrol,35000,
Skoda Yeti 4*4,3000000,,,Manual Gear - 4 WD,Red,2013,Power Window Power Steering Central Lock Alloy Wheels Keyless Remote Entry Tubeless Tyres Air Bags Anti-lock Braking (ABS) Air Conditioner - Manual Air Conditioner - Automatic Rear AC Vent Steering Mounted Controls Projected Headlight Fog Lights Electric Side Mirror (ORVM) LCD Touchscreen Entertainment,,2000,Diesel,55000,
Higer Bus 41 Seater  Nepal,12275000,,2 Years ,,,2020,Power Steering Keyless Remote Entry Tubeless Tyres Air Bags Anti-lock Braking (ABS) Air Conditioner - Manual LCD Touchscreen Entertainment,,6464,Diesel,,
Higer Bus 37 Seater  Nepal,12075000,,2 Years ,,,2020,Power Steering Keyless Remote Entry Tubeless Tyres Air Bags Anti-lock Braking (ABS) Air Conditioner - Manual,,6494,Diesel,,
Higer Bus 31 Seater  Nepal,10425000,,2 Years ,,,2020,Power Steering Keyless Remote Entry Tubeless Tyres Air Bags Anti-lock Braking (ABS) Air Conditioner - Manual,,5200,Diesel,,
Higer Bus 27 Seater  Nepal,8375000,,2 Years ,,,2020,Power Steering Tubeless Tyres Anti-lock Braking (ABS) Air Conditioner - Manual,,4215,Diesel,,
Tata Super Ace On Sell,500000,3 years,No,Manual - 2WD,White,2014,Good condition tata ace on sell,12,1200,Diesel,70000,Van
KIA Picanto on urgent sale. Very fresh condition.,690000,,,Manual - 2WD,Orange,2004,,12,1100,Petrol,80,Small Hatchback
Bolero Pick-up Fb On a Salles.,1400000,Goods delivery ,,Auto - 2WD,White ,2017,Container Body,12,2523,Diesel,90000,Pickup
GEELY MK 1.5MT SEDAN CAR,700000,,,Manual - 2WD,White,2010,,,1498,Petrol,,Sedan
Mahindra Supro cargo van,625000,4 and half year,,Manual - 2WD,White,2017,,15,997,Diesel,85000,Pickup
Maruti Suzuki Dezire ZXI,1750000,9 years,,Manual - 2WD,Blue,2014,,14,1200,Petrol,51000,Mid Size Hatchback
Pickup truck ,1350000,,,Manual - 2WD,white,2016,,,2523,Diesel,,Pickup
2015 sx 1.6 disel very fresh creta,3550000,7,,Manual - 2WD,Silver,2015,,13,1600,Diesel,54000,Compact SUV
Toyota corolla AE100,600000,,,Auto - 2WD,White,1992,,,1498,Petrol,100000,Sedan
kia Sportage 2019 for sale or exchange,5500000,personal use,,Manual - 2WD,Iron Grey,2019,all the new feature you seek on a vehicle,10/13,2000,Petrol,13400,SUV / Jeep
HYUNDAI MAGNA I10 1.2 SILVER COLOUR FULL OPTIONS,1275000,,,Auto - 4WD,silver,2009,,16,1200,Petrol,68000,Mid Size Hatchback
Brand:TaTa Model:2021 Contact:9857850972,5300000,,,Manual - 4WD,,2021,,,,Diesel,,Truck
Brand:TaTa Model:2019 Contact:9857850972,3200000,,,Manual - 4WD,,2019,,,,Diesel,,Truck
Ashok Leyland 12 wheeler Truck (2021 model),2500000,1.5 years,,Manual - 4WD,,2021,,,,Diesel,,Truck
2021 Eeco Cargo Van,1375000,A year,No,Auto - 2WD,White,2021,,20,1200,Petrol,15000,Van
Ashoka Layland 1478 cc,730000,pickup,3 month,Manual4WD,Skyblue,2016,70hp  GVW = 2590,19.6,1478,Diesel,,Pickup
Ford EcoSport Titanium,2799999,,,Manual2WD,Silver,2015,,,1498,Petrol,25000,CompactSUV
Swift Dzire(car),1280000,,,,,,,,,,,
Renault kiger on sale,2400000,1year,,Manual - 2WD,blue,2021,,14,999,Petrol,14500,Compact SUV
Alto Car Urgent Sell भीसा लागेको ले,520000,Wonself ,No,Auto - 2WD,Silver ,2002,,15,1061,Petrol,151,Others
