Name,Price,Used For,Warranty,Transmission,Colour,Make Year,Features,Mileage,Engine (CC),Fuel,Kilometer Run,Types
honda dio 60lot urgent sell,96000,,,Manual,,2014,,35,110,Petrol,,Scooty
Ns200 urgent on sell,120000,,,Manual,,2016,,35,200,Petrol,,Sport
Honda Dio fresh condition scooter on sale,98000,,,Automatic,,2016,,45,106,Petrol,65000,Scooty
Honda aviator 041lot,195000,,,Manual,,2023,,,,Petrol,,Scooty
Facino 95lot,85000,,,Manual,,2018,,,,Petrol,,Scooty
Honda Shine 125 Model 2024,235000,personal Use,,Manual,Black,2024,Like New,65 kmpl,125,Petrol,9250,Standard
Yamaha Mt 15,360000,,,Manual,Black,2022,,,155,Petrol,20000,Standard
black classic 350 on sale or exchange,100,,,Manual,black,2018,,,350,Petrol,40000,Standard
045 lot tvs ntorq race XP Fi sale and EX dio,239000,,,Automatic,red black,2023,Fi engine,,125,Petrol,11000,Scooty
One hand cbz for sale,45000,,,Automatic,Gray and red,2010,Good,40,149,Petrol,57000,Standard
pulsar220 - 101 lot,160000,,,Manual,,2018,,,220,Petrol,,Standard
ntroq - 036 lot,150000,,,Manual,,2021,,,,Petrol,,Scooty
Aviator Fully Fresh Lot-94 Super Fresh,128000,,,Manual,,2018,,,,Petrol,25000,Scooty
pulsar150 - 035 LoT,180000,,,Manual,,2021,,,150,Petrol,,Others
unicorn 41 lot,60000,,,Manual,,2009,,,,Petrol,,Others
R15 V3 Abs Fully Fresh Condition Lot-023 Super,277000,,,Manual,,2020,,,155,Petrol,24000,Sport
Dorminar 400 Fi And Abs Fully Fresh Lot-023,310000,,,Manual,,2021,,,400,Petrol,25000,Sport
Rayzr Fully Fresh Condition Lot-013 Super Fresh,120000,,,Manual,,2019,,,,Petrol,27000,Scooty
vespa vxl 88 lot,100000,,,Manual,,2017,,,150,Petrol,,Scooty
aviator - 027 lot,160000,,,Manual,,2021,,,,Petrol,,Scooty
ntorq 036lot,160000,,,Automatic,,2021,,,,Petrol,,Standard
honda unicorn 39lot,55000,,,Automatic,,2010,,,,Petrol,,Standard
ntorq race 020 lot,158000,,,Manual,,2020,,,,Petrol,,Scooty
Scoter On Sale,200000,,,Automatic,Yellow ,2080,,,,Petrol,,Scooty
Urgent sell   fresh condition bike fz250 2018 m...,135000,,,Manual,black,2018,standard,30,249,Petrol,33000,Standard
Tvs Raider bike bikrima,150000,,,Manual,Black,2021,,45,125,Petrol,35000,Others
Single Hand Engine Ahile Samma Sil Pack Xa,107000,,,Manual,Marun ,2017,,40,110,Petrol,22730,Scooty
Yamaha Lebro Tax cler pass hunxa vintag 9803656430,38000,,,Automatic,,2005,,48+,,Petrol,,Standard
Ktm Duke 200 bs4 89 lot super fresh 9803656430,248000,,,Automatic,,2017 last,,35++,,Petrol,,Sport
Ns 200 Abs Fully fresh 121 lot 9803656430,190000,,,Automatic,,2020 last,,,,Petrol,,Sport
Ns 200 89 Lot Single Hand,145000,,,Manual,,2017,,,200,Petrol,,Standard
Vespa 125cc 119 Lot Sale Or Exchange,139000,3 yeras ,,Manual,Red,2020,Self ,40,125,Petrol,29000,Scooty
Vespa 150cc Disk Break 117 Lot Sale Or Exchange,139000,2 years,,Manual,White,2020,Diskbreak,35,150,Petrol,23000,Scooty
Yamaha Ray ZR 125 CC FI Hybrid BS6 on Sale,235000,,,Automatic,Navi Blue,2021,,,125,Petrol,19000,Scooty
Honda Aviator 68 Lot Full Fresh Condition ,75000,,,Manual,Black,2015,,35,109,Petrol,50k,Scooty
r15m,378000,,,Manual,,2022,,50,155,Petrol,,Sport
Yamaha fz v2,228900,,,Manual,Blue black ,2021,,,155,Petrol,29k,Standard
150 pulsar fresh condition,45000,personal,,Manual,Red and Black,2008,All good,35,,Petrol,,Standard
Ray ZR 125,205000,,,Automatic,,2022,,,,Petrol,,Scooty
Pulsar 150 TD,125000,,,Manual,,2018,,,,Petrol,,Standard
honda aviator 007lot,140000,,,Automatic,,2019,,,,Petrol,,Standard
ntorq 041lot,185000,,,Automatic,,2023,,,,Petrol,,Standard
hero maestro 98lot,75000,,,Automatic,,2018,,,,Petrol,,Standard
ns 125 045lot,170000,,,Automatic,,2024,,,,Petrol,,Standard
rtr 002lot,125000,,,Automatic,,2018,,,,Petrol,,Standard
ns 200,400000,,,Automatic,,2025,,,,Petrol,,Standard
78 lot apache 200,110000,9 years,no,Automatic,black,2016,fresh condition,35,200,Petrol,0,Standard
xpulse 026lot,230000,,,Automatic,,2021,,,,Petrol,,Standard
pulsar 220 055lot,375000,,,Automatic,,2025,,,,Petrol,,Standard
dio fi 046lot,250000,,,Automatic,,2024,,,,Petrol,,Standard
220 pulsar 024 lot,220000,,,Manual,,2021,,,,Petrol,,Standard
aviator 027 lot,155000,,,Manual,,2021,,,,Petrol,,Scooty
fascino 88lot,90000,,,Manual,,2017,,,,Petrol,,Scooty
rayzr 013 lot,115000,,,Manual,,2019,,,,Petrol,,Scooty
ismart 009 lot,90000,,,Manual,,2019,,,,Petrol,,Standard
pleasure 009 lot,85000,,,Manual,,2019,,,,Petrol,,Scooty
Ray Zr 120 Lot (Single Hand),178000,,,Automatic,,2020,,,,Petrol,,Scooty
pulser 150 50lot,75000,,,Manual,,2013,,,,Petrol,,Standard
Grazia 119 Lot (Disk Break),168000,,,Automatic,,2020,,,,Petrol,,Scooty
dominor 409 025 lot,295000,,,Manual,,2021,,,,Petrol,,Sport
scooter for sale,70000,work to office,,Automatic,red,2013,,35,125,Petrol,33423,Scooty
bajaj pulsar 114 lat 150cc 1st hand 9849686911,157500,4 year,,Manual,black,2020,self start,45,150,Petrol,27560,Standard
Honda CRF 250l 2017 on sale ,1275000,,,Manual,,2017,,,250,Petrol,28000 kms ,Dirt
TVS Ntorq 125 ,155000,Personal,NO,Automatic,blue,2021,smart connect,,125,Petrol,22543,Scooty
Dio fi 046 lot,240000,,,Manual,,2023,,,,Petrol,,Scooty
Dominor 400 023 lot,310000,,,Manual,,2021,,,,Petrol,,Sport
Dio,95000,,,Automatic,Green and white,2017,,,110,Petrol,41500,Scooty
Fresh Low Run Yamaha Mt 15,410000,,,Manual,Black,2023,,,150,Petrol,13000,Sport
Xtreme 200 R Fresh condition like new,125000,Office,,Manual,Red,2019,,45,200,Petrol,17000,Sport
r15 V3 023 lot,280000,,,Manual,,2021,,,,Petrol,,Sport
Plusar 150 Cc Fully Fresh Lot-010 Super Fresh,100000,,,Manual,,2016,,,150,Petrol,27000,Sport
pulsar220 - 055 lot abs 2025 model ‼️,350000,,,Manual,,2025,,,220,Petrol,,Standard
XPULSE - 026 lot v2,220000,,,Manual,,2021,,,,Petrol,,Others
Honda Dio Fi System Fully Brand New Lot-046,250000,,,Manual,,2024,,,,Petrol,120000,Scooty
ns200cc - 059 lot fi abs 2025 model BS6,390000,,,Manual,,2025,,,200,Petrol,,Sport
Apache Rtr 180 - 002 lot,110000,,,Manual,,2018,,,,Petrol,,Others
April Sr125 Cc Fully Fresh Lot-019 Super Fresh,138000,,,Manual,,2020,,,125,Petrol,25000,Scooty
ismart - 009 lot,80000,,,Manual,,2019,,,,Petrol,,Others
ntroq - 041 lot ‼️,175000,,,Manual,,2022,,,125,Petrol,,Scooty
Plusar 220f Abs Fully Brand New Lot-055 Single Han,377000,,,Manual,,2025,,,220,Petrol,9000,Sport
Honda Dio,190000,,,Automatic,,2022,,,,Petrol,12300,Scooty
honda XR,445000,,,Manual,,2019,,,,Petrol,,Sport
Royal Enfield 350cc,555000,,,Automatic,,2022,,30,350,Petrol,17500,Standard
Mv agusta brutalle 675,3499999,,,Manual,White,2016,,,,Petrol,2000,Sport
Electric scooter sale or exchange  Aone condition ,65000,,,Automatic,Red,2019,,,125,Electric,25,Scooty
Ns200 059 Lot 2025 Model Finance Exchange,395000,,,Manual,,2025,,,,Petrol,,Sport
Yamaha Mt For Sale At Tinkune Kathamandu,439000,,,Manual,White,2024,,50,155,Petrol,10000,Others
CB SHINE,72000,,,Manual,,2010,,,,Petrol,,Standard
Honda unicorn 160,110000,,,Manual,Blue,2017,Fresh condition bike New tyre Also has digital meter And disk break plus all brand new equipment added in the bike for better performance,40,160,Petrol,,Standard
Ktm Duke 200,380000,,,Automatic,orange ,2022,,,200,Petrol,13 650,Standard
One hand Use Honda Dio lot 60 fresh 9803656430,90000,,,Automatic,,2015,,,,Petrol,,Scooty
Ns 200 Fully fresh 73 lot 9803656430,120000,,,Automatic,,2016,,35+,,Petrol,,Sport
Honda Grazia Fully fresh 119 lot 9803656430,160000,,,Automatic,,2020 last,,45,,Petrol,,Scooty
RayZr Fi yamaha 120 lot top model 9803656430,169000,,,Automatic,,2020 last,,50,125,Petrol,,Scooty
Aprilla Race edition 105 lot fully fres 9803656430,130000,,,Automatic,,2019,,35+,,Petrol,,Scooty
CB Shine 68Lot,94000,,,Automatic,,2015,,,125,Petrol,,Standard
electric scooter ,60000,,6 months,Automatic,red ,2025,,40km,,Electric,,Standard
R15 V2,100000,Used,Null,Manual,Black,2011,V12 R15 ,50,150,Petrol,77960,Sport
Bullet 2016 model black color ,375000,,,Manual,Black ,2016,,,350,Petrol,30000,Standard
rtr180 002 lot,120000,,,Manual,,2018,,,,Petrol,,Standard
R15 V3 023 Lot,285000,,,Manual,,2021,,,,Petrol,,Sport
Urgent Sell,640,Personal,,Manual,Blue,2022,,35,350,Petrol,15000,Standard
Ns 200,149999,Personal,,Manual,Black,2017,,30,199,Petrol,50000,Sport
Honda Dio 60 lot,98000,,,Manual,,2014,,,,Petrol,,Scooty
Yahama RayZR Fi 125,180000,,,Automatic,Blue,2021,single hand,50,125,Petrol,33000,Scooty
Yamaha FZs  150 v3 abs  sale or exchange Bike fres,225000,,,Automatic,Blue,2020,,,150,Petrol,19k,Standard
DOMINAR400CC - 023 lot fi abs,300000,,,Manual,,2021,,,400,Petrol,,Others
Honda Shine Fully Fresh Lot-57 Super Fresh,88000,,,Manual,,2014,,,,Petrol,27000,Sport
Apache 160 4v Fully Brand New Lot-032,188000,,,Manual,,2021,,,160,Petrol,18000,Sport
Glamour Fi System Fully Fresh Lot-036 Single Hand,157000,,,Manual,,2022,,,,Petrol,15000,Sport
Plusar 150 Fully Fresh Condition Lot-40,80000,,,Manual,,2014,,,150,Petrol,35000,Sport
Plusar 150 Fully Fresh Lot-010 Super Fresh,100000,,,Manual,,2017,,,150,Petrol,27000,Sport
Honda Dio And System Fully Brand New Lot-046,250000,,,Manual,,2024,,,,Petrol,13000,Scooty
April Sr 125 Cc Fully Fresh Lot-019 Super Fresh,137000,,,Manual,,2020,,,125,Petrol,25000,Scooty
Plusar 220 F Abs Fully Brand New Lot-055 Single Ha,370000,,,Manual,,2025,,,220,Petrol,90000,Sport
Ns200 Fi And Abs Bs6 Brand New Model-2025,400000,,,Manual,,2025,,,200,Petrol,6000,Sport
Hero Xr190 Fi System Lot-039 Single Hand,610000,,,Manual,,2022,,,190,Petrol,15000,Sport
Honda XR 190L,620000,,Expired,Manual,Red/White,2019,LED Headlight  Digital Meter  PGM-FI Engine  Rear Carrier Rack  Long-Travel Suspension  High Ground Clearance  Spoke Wheels,45 km/l,190,Petrol,25000,Dirt
Honda Hornet Fully Fresh Lot-001 Super Fresh,148000,,,Manual,,2018,,,,Petrol,27000,Sport
Ns125 Cc Abs Fi System Fully Brand New Lot-045,170000,,,Manual,,2022,,,125,Petrol,27000,Sport
Yamaha rayzr 76 lot on sale,76000,,,Automatic,Green,2016,,35,113,Petrol,35000,Scooty
Bike scooter rakhera loan Chaya ma samparka garnu,123456,,,Manual,,2024,,,200,Petrol,,Sport
Dio 9823696114,120000,5,No,Automatic,Red,2018,,30,109,Petrol,45,Scooty
Yamaha Ray ZR 125 Fi,210000,,,Automatic,Yellow,2021,,50+,125,Petrol,12000,Scooty
Honda Unicon 160cc 82 lot 9803656430,105000,,,Automatic,,2017,,,,Petrol,,Standard
Like new condition 220 Pulsar abs 131 lot ,238000,,,Automatic,,2021 last,,40+,220,Petrol,25k,Standard
Urgent sale 🔥,168000,2 hand,,Manual,Black ,2021,,50 55,125,Petrol,26k,Sport
Royal Enfield Hunter 350 Cc,445000,1.5yrs,No,Manual,Dapper black,2024,,30,350,Petrol,6000,Standard
Ns 200cc Black 152 lot fully fresh 9803656430 ,140000,,,Automatic,Black,2018 last,,,200,Petrol,,Sport
Suzuki Sling Shot Tax all cler 57 lot 9803656430,40000,,,Automatic,,2015,,50+,,Petrol,,Standard
Ktm duke 250 bs4 single hand bike,305000,,,Manual,Orange and white,2017,Single hand bike  like showroom looks and condition  only 22k running  smooth sound engine and up to 83 tax clear,40,250,Petrol,22000,Sport
DIO LED DLX A3 Color ( GY155(Green Metallic),180000,Since 2021,,Manual,Green metallic,2021,,,123,Petrol,24992,Scooty
Honda CB shine (023)lot,180000,,,Manual,Black and Red,2021,Fresh like new condition and looks bike Has great smooth seal packed engine Has both like new tyre Tax clear Free helmet,50,125,Petrol,,Standard
UM DSR 250cc motorcycle ,120000,,,Manual,red ,2016,added spot lights and phone holder ,,250,Petrol,???,Dirt
Honda Dio,145000,,,Automatic,,2018,,,110,Petrol,,Scooty
Pulsar 150 (004)lot,145000,,,Manual,Black and Red,2018,Like showroom looks and condition Has like showroom engine Great pick up and mileage Single disk bike,40,150,Petrol,,Sport
honda Dio,135000,,,Manual,,2017,,,,Petrol,,Scooty
Meteor 350 ONE PIECE FOR SALE,399999,3 years ,N/A,Manual,Fireball Red,2022,Dual Channel Abs  Assembled in India  Trip meter display ,30,350,Petrol,28000,Cruiser
131 lot honda shine urgent sell,177000,,,Manual,,2021,,55,125,Petrol,15000,Standard
apache 160 4v urgent sell  123 lot abs,165000,,,Manual,,2021,,40,160,Petrol,25000,Standard
Aprilia Sr 150 Race Edition,169000,,Yes,Automatic,White black,2021,Digital meter,30,150,Petrol,24000,Scooty
Fascino for sale urgent,80000,,,Automatic,Maroon,2016,,35,,Petrol,39000,Scooty
Yamaha saluto (102 lot),94000,,,Manual,,2018,,,,Diesel,,Standard
HONDA CB350RS,650000,,,Manual,Red and Black,2021,,28-30,350,Petrol,21165,Cruiser
Fz v3 fi,210000,office ,6 Mon warranty engine,Automatic,Blue,2020,,45,155,Petrol,22000,Standard
bike on sale fresh bike  discover 125 cc,55000,,,Manual,blue,2013,,50,125,Petrol,,Standard
9849756337,510,city,,Automatic,gun metal,2021,,32,350,Petrol,18600,Standard
Crossfire GR7 300cc • Fully Loaded • Only 8 000 KM,290000,Personal ,,Manual,Blue,2019,• Original Renthal handlebar • Nibbi quick throttle system • Nibbi racing carburetor • High-quality Mortrad rims • Brand new Ceat Sportrad tires • 110 lot – clean & clear papers .  Projector car headlight installed .  WB front adjustable suspension  .  Folding side mirror .  Acerbis hand guards ,28,300,Petrol,8000,Dirt
Ns 200 73 lot,128000,,,Manual,,2016,,,200,Petrol,,Sport
2021 Model Java like new condition,333000,,,Manual,,2021,,,,Petrol,,Cruiser
dio fi 046lot,250000,,,Automatic,,2024,,,,Petrol,,Standard
pleasure scooter,62000,personal,No,Automatic,Red& back,2013,Good,35,110,Petrol,4020,Scooty
pulsar 220 055lot,375000,,,Automatic,,2025,,,,Petrol,,Standard
xpulse 026lot,230000,,,Automatic,,2021,,,,Petrol,,Standard
ns 200,400000,,,Automatic,,2025,,,,Petrol,,Standard
rtr 160 002lot,125000,,,Automatic,,2018,,,,Petrol,,Standard
ns 125 045lot,170000,,,Automatic,,2024,,,,Petrol,,Standard
NS 200,14000000,6 month,No warenty ,Automatic,Red and black,2016,Disk break ,35,200,Petrol,54000,Sport
hero maestro 98lot,85000,,,Automatic,,2018,,,,Petrol,,Standard
ntorq 041lot,185000,,,Automatic,,2023,,,,Petrol,,Standard
Bajaj Ns 160cc like new 90 lot 9803656430,110000,,,Automatic,,2017,,45+,160,Petrol,,Sport
discovery 68lot,65000,,,Automatic,,2015,,,,Petrol,,Standard
honda unicorn 39lot,55000,,,Automatic,,2010,,,,Petrol,,Standard
pulsar 150 035lot,195000,,,Automatic,,2021,,,,Petrol,,Standard
honda aviator 73lot,99000,,,Automatic,,2016,,,,Petrol,,Standard
pulsar 220 024lot,230000,,,Automatic,,2021,,,,Petrol,,Standard
ntorq 036lot,160000,,,Automatic,,2021,,,,Petrol,,Standard
pulsar 220,220000,,,Manual,black and red,2021,,40,220,Petrol,30000,Standard
Hero Xpulse 200 Pro on Sale,460000,,,Automatic,white,2025,,,200,Petrol,4400,Dirt
Benelli 250,165000,,,Manual,wight,2075,,30,250,Petrol,36300,Sport
Reborn 350,415000,2 year,Company claim available,Manual,Halycon green,2023,,32,350,Petrol,19000,Cruiser
TVS Ntorq 125,150000,,,Manual,mat read,2019,,,125,Petrol,,Scooty
burgmen 007lot,125000,,,Manual,,2019,,,,Petrol,,Scooty
pleasure 007lot,85000,,,Manual,,2019,,,,Petrol,,Scooty
dominar 400cc 025lot,300000,,,Manual,,2021,,,,Petrol,,Standard
honda Dio Fi system 046lot,250000,,,Manual,,2023,,,,Petrol,,Scooty
pulsar 150 010lot 2016 model,100000,,,Manual,,2016,,,,Petrol,,Standard
pulsar 220 055lot,360000,,,Manual,,2025,,,,Petrol,,Standard
I smart 009lot,90000,,,Manual,,2019,,,,Petrol,,Standard
dominar 400cc 023lot,310000,,,Manual,,2021,,,,Petrol,,Standard
bullet 78 lot on sale or exchange,100,,,Manual,silver,2016,,,350,Petrol,40000,Standard
bullet 105 lot on sale or exchange,100,,,Manual,gun grey,2019,,,350,Petrol,720000,Standard
one hand bullet 88 lot sele or exchange,100,,,Manual,silver,2017,,,350,Petrol,38000,Standard
Unicorn 150,50000,Home-office-home,,Manual,Black and red,2008,,40,150,Petrol,,Standard
JAWA CLASSIC,290000,,,Manual,Black,2021,,36,300,Petrol,,Standard
bullet on sale or exchange,100,,,Manual,black,2016,,,350,Petrol,48000,Standard
KTM duke2000 BS4 On Sale,233000,,,Manual,black white,2016,,30,200,Petrol,26000,Others
single hand bullet 2018 on sale or exchange,100,,,Manual,black,2018,,,350,Petrol,53,Standard
fz v2 urgent sell 157 lot,288000,,,Manual,,2025,,50,150,Petrol,5000,Standard
146 lot rayzr urgent sell,229000,,,Automatic,,2023,,55,125,Petrol,15000,Scooty
Honda Dio 67 lot on sale,89000,,,Manual,Red ,2015,,30,110,Petrol,31000,Scooty
Tvs Ntroq 125cc like new 123 lot 9803656430,140000,,,Automatic,,2021 ,,35+,,Petrol,,Scooty
ntorq 041lot,185000,,,Automatic,,2023,,,,Petrol,,Standard
Yamaha MT 15,390000,,,Manual,White,2022,,48+,155,Petrol,23000,Sport
NS 200cc Like new condition 78 lot 9803656430,120000,,,Automatic,,2017,,,,Petrol,,Sport
honda aviator 007lot,140000,,,Automatic,,2019,,,,Petrol,,Standard
Suzuki Burgman 125cc 109 lot fully fres 9803656430,125000,,,Automatic,Black,2019,,35,125,Petrol,,Scooty
ns 125cc 045lot,170000,,,Automatic,,2024,,,,Petrol,,Standard
rtr 160 002lot,125000,,,Automatic,,2018,,,,Petrol,,Standard
ns 200,400000,,,Automatic,,2025,,,,Petrol,,Standard
Tvs 125cc fully fresh condition 68 lot 9803656430,60000,,,Automatic,,2016,,55+,,Petrol,,Standard
Vespa sxl 125cc 026lot,175000,,,Automatic,,2020,,,,Petrol,,Scooty
Pulsar 220f Abs 131 lot like new condtn 9803656430,240000,,,Automatic,Red black,2021 last,,35++,220,Petrol,28000,Standard
Powerful Ns 200cc 78 lot Super fresh 9803656430,120000,,,Automatic,,2016 last,,35+,,Petrol,,Sport
Ns 200 Like new 152 lot super fresh 9803656430,140000,,,Automatic,,2018 last,,35+,200,Petrol,30000,Sport
FZ V3 Urgent Sale,275000,2 years ,,Automatic,Dark Knight,2021,Sensor oriented   FI   BS6 Engine,40+,150,Petrol,19000,Sport
Yamaha MT-15    Fully fresh & well maintained,315000,5 years,,Manual,Black,2019,VVA Engine  Slipper clautch  Abs,45,155,Petrol,18300,Sport
Aviator,115000,,,Manual,Marud Red,2017,Fresh scooter  great pick up and upto 45+milage Both like new tyre less running,40,110,Petrol,,Scooty
Yamaha Saluto 2017model seal engine,105000,,,Manual,Black and Red,2017,Fresh condition milage bike  recently changed tyre  new bratty  tax clear  super fresh engine and has disk break..,45,125,Petrol,,Standard
Ntorq 125 fi (037) lastai sasto price ma,210000,,,Manual,Red and Black race edition,2022,Has fi engine Seal packed engine Super fresh scooty  Brand new tyre and battery  Only 24k km running and has good resell plus no problem in the scooter,40,125,Petrol,24300,Scooty
cx250 lot 121 dirt rim super fresh condition,420000,,,Automatic,,2021,,25,250,Petrol,12000,Dirt
duke 200 on sale in good condition .fully fresh xa,291000,,,Manual,red,2017,,,200,Petrol,,Sport
Discover 64 Lot Super Fresh Condition Onsell,67000,,,Manual,,2014,,,,Petrol,,Sport
Yamaha R15v3 123 Lot Super Fresh Condition Onsell,278000,,,Manual,,2020,,,,Petrol,,Sport
Aprilla Sr 125cc 131 Lot Super Fresh Condition Ons,157000,,,Manual,,2021,,,,Petrol,,Scooty
Jawa 42 300cc 118 Lot Super Fresh Condition Sell,278000,,,Manual,,2020,,,,Petrol,,Standard
Honda Aviator 93 Lot Super Fresh Condition Onsell,119000,,,Manual,,2018,,,,Petrol,,Scooty
Honda Shine 57 Lot Super Fresh Condition Onsell,88000,,,Manual,,2013,,,,Petrol,,Sport
Super Splendour 56 Lot Super Fresh Condition Onsel,67000,,,Manual,,2013,,,,Petrol,,Sport
Tvs Phonex 68 Lot Super Fresh Condition Onsell,67000,,,Manual,,2015,,,,Petrol,,Sport
Suzuki Gixxer 110 lot fresh bike   9813296721,145000,,,Manual,,2019,,,155,Petrol,,Standard
NS 200 Fi ABS,270000,,,Manual,Grey,2019,,,200,Petrol,34000,Sport
Ns 200 On sell!!!,111,personal use,6 months,Manual,Blue & Black,201,,30,200,Petrol,,Sport
fzv2 dubble dis,190000,,,Automatic,nevyblue,2019,,,150,Petrol,37,Standard
Apache RTR 200 4v,190000,,,Manual,White,2020,,,200,Petrol,26000,Others
very fresh bullet  sale or exchange ,100,,,Manual,gun grey,2017,,,350,Petrol,48000,Standard
Hero xtreme 125 on sell new bike,265000,personal,1 year,Manual,blue,2025,,60,125,Petrol,4000,Standard
Discover bike for sale,33000,,,Automatic,,2006,,,125,Petrol,,Standard
Aviator scooter for sale,88000,,,Automatic,red,2016,,,110,Petrol,,Scooty
R15v3 2020 Last Model 9865466320,275000,,,Manual,Blue,2020,,,155,Petrol,190000,Sport
 Fresh Honda Grazia 125cc Scooty on Urgent Sale,125000,,,Automatic,Black,2019,,35,125,Petrol,,Scooty
Nk 250 single hand ,249000,Clz only,No,Manual,Full black ,2019 ,Ekdam fresh 0 kharcha ,30+,250,Petrol,30k,Sport
Cbr 250cc sell an exchange fi abs ,219000,,,Manual,White ,2013,,34,250,Petrol,0,Sport
Rs 200cc full fresh sell an exchange ,165000,,,Manual,Black ,2015,,38,200,Petrol,43674,Sport
YAMAHA RAY Z 113(FIXED PRICE WITH OFFER),107999,6 years,no warrenty,Manual,Red,2019,Pass Insurance Half helmet 83 tax,40,113,Petrol,3500,Scooty
Cx 250r,560000,,,Manual,red/white,2022,,25,250,Petrol,15000,Dirt
220 pulsar non vizer sell an exchange ,88000,,,Manual,Black ,2010,,35,220,Petrol,35466,Sport
Apache 180cc sell an exchange fresh ,93000,,,Manual,Black ,2013,,35,180,Petrol,0,Sport
Duke 200cc sell an exchange 71lot,219000,,,Manual,White ,2015,,32,200,Petrol,38564,Sport
N250 (BAJAJ PULSAR) BRAND NEW ON SALE,400000,Personal ,Yes ,Manual,Black and red ,2025,Dual channel abs with mobile charging port ,35-40 (depend on rider),250,Petrol,4455,Sport
Honda Dio Scooty,210000,3 years,,Automatic,Blue,2022,,,110,Petrol,22 000,Scooty
Grazia 125 ,150000,Office ,,Manual,Red ,2019,Disc break,38,125,Petrol,27000,Scooty
I Smart Splinder Super Fresh Condicion Urgent Sell,90000,,,Manual,,2019,,,125,Petrol,,Standard
 Full Fresh Scootyy,75000,Home and personal,,Automatic,Red and Black ,2015,,45,110,Petrol,45000,Scooty
Discover 125 St Lot 007,105000,Office ,2 weeks check time ,Manual,Black and blue ,2019,Zero maintenance ,42,125,Petrol,26000,Standard
Tvs Ntorq race Edition (117 lot),154000,,,Automatic,,2020,,,125,Petrol,24000,Scooty
Yamaha Aerox 155 (149 lot),376000,,,Automatic,,2024,,,,Petrol,12000,Scooty
Royal Enfield classic 350 (107),459000,,,Manual,,2019,,,350,Petrol,14000,Standard
Royal Enfield On Urgent Sale,500000,Office ,,Manual,Ash white,2018,,,350,Petrol,18000,Cruiser
bajaj N160 for sale,240000,personal,no,Manual,black,2023,fi abs,45,160,Petrol,26000,Standard
Dio 2083 Kar Clar Insurance Clar Fix Price,112500,,,Manual,Black ,2017,Good,35,110,Petrol,38200,Scooty
114 lot 220 pulsar,185000,5 years,no,Automatic,black/red,2019,fresh condition,35,220,Petrol,57000,Standard
Avenger 160 Abs street,199999,,,Manual,Black,2021,abs,35,160,Petrol,14000,Cruiser
Honda cb shine,180000,,,Automatic,black,2021,,55,125,Petrol,26500,Standard
Pulsar 150,135000,,,Manual,Dark blue and White,2017,Like showroom looks and condition Has less running Has like showroom smooth engine Great pick up and mileage Single disk bike,40,150,Petrol,,Sport
"Bajaj Avenger 220 – Like Brand New
Only 16 000 km",130000,personal use,,Manual,blue,2014,,45,220,Petrol,16000,Cruiser
Xr 190 Fi (006)lot sasto ma ayo hai,455000,,,Manual,White,2018,Seal smooth engine Like showroom looks and condition Has less running Has fi and great milage Timely maintained and no problem in the bike,40,190,Petrol,,Dirt
Fzs v2,140000,,,Manual,Black and White,2016,Super fresh bike Great engine with like new looks and condition Only 25k running Both like new tyre Has fi so gives over 45+milage,45,150,Petrol,25000,Sport
vespa 003lot,110000,,,Automatic,,2018,,,,Petrol,,Standard
Dio 110 fi urjent sale @233000,233000,6 month,,Automatic,Black,2025,,50+,110,Petrol,10k,Standard
HONDA DIO SCOOTER,140000,7 Years,,Manual,Red & Black,2018,,40,110,Petrol,34600,Scooty
Ns 200,148000,,,Manual,,2018,,,,Petrol,,Standard
TVS Raider 046 Lot 2023 Last Model for sale ‼️‼️,185000,,,Manual,Red,2023 Last,,50-55,125,Petrol,18000,Standard
Pulsar 220,140000,5 year,,Manual,Black red,2017,,40,220,Petrol,46000,Sport
Tvs Ntorq Xp Fi on Sale,235000,,,Manual,black red,2023,,45,125,Petrol,15000,Scooty
Sale bike FZS V3 gray colour ,350000,,,Automatic,Gray,2024,Good ,,150,Petrol,12800,Standard
Royal Enfield Classic 350 | Bullet 350 | 011 Lot ,475000,,,Manual,Silver,2019,,,350,Petrol,29000,Cruiser
TVs Raider 43 0406,220000,Office ,No,Automatic,Red,2079,,55,125,Petrol,17770,Others
Suzuki Gixxer 250,200000,6 years,5 years from manufacturer ,Manual,Mat Black,2019,,40,250,Petrol,39000,Sport
Bajaj Pulsar 150 06 Lot 23000 KM only,220000,Personal,,Manual,Black,2019,Smooth and single handed. All tax cleared.,35,150,Petrol,23000,Standard
Cbr 600 sale 2007 model ,1875000,,,Manual,,2007,,,,Petrol,,Sport
145 Lot Yamaha Z.R Hybrid Scooter Sell Ma Xa,230000,Office To Home,No,Automatic,Orange,2023,Hybrid,55,125,Petrol,11300,Standard
Honda nx200,420000,2 years,No,Manual,Blue black,2023,,45,200,Petrol,20000,Others
Pulsar 220 fresh sound n condiition,115000,,,Manual,,0,,,,Petrol,,Standard
Honda dio sale. Or exchange   Ramro  condition ma ,85000,,,Automatic,Gray,2013,,,110,Petrol,44,Scooty
Honda aviator 1st hand 65 lat 9849686911,87500,9 year,no,Manual,golden,2015,self start,45,110,Petrol,23560,Standard
Pulsar 220 fresh sound n condiition,115000,,,Manual,,0,,,,Petrol,,Standard
Fresh NS 200 FI ABS on sale,195000,,,Manual,Black,2020,,35,200,Petrol,39000,Sport
Nk 250,247000,,,Manual,Silver,2019,,30,250,Petrol,40340,Sport
Pulsar Abs  n150,320,Daily use,5,Manual,Black,2024,,60+,150,Petrol,3600,Others
yamaha gladiator 51lot,50000,,,Automatic,,2012,,,,Petrol,,Standard
discovery 68lot,65000,,,Automatic,,2015,,,,Petrol,,Standard
honda unicorn 39lot,55000,,,Automatic,,2010,,,,Petrol,,Standard
pulsar 150 81lot,125000,,,Automatic,,2016,,,,Petrol,,Standard
pulsar 150 035lot,195000,,,Automatic,,2021,,,,Petrol,,Standard
honda aviator 73lot,99000,,,Automatic,,2016,,,,Petrol,,Standard
pulsar 220 024lot,230000,,,Automatic,,2021,,,,Petrol,,Standard
ntorq 036lot,160000,,,Automatic,,2021,,,,Petrol,,Standard
pleasure 44lot,50000,,,Automatic,,2011,,,,Petrol,,Standard
pulsar 220 001ot,175000,,,Automatic,,2018,,,,Petrol,,Standard
Fzs V2,240000,3 years,,Manual,Navy blue,2022,,45,149,Petrol,,Standard
TVs Ntroq With Disk On Urgent Sale,137000,2 year,,Automatic,,2019,,35,125,Petrol,22000,Scooty
Single Hand Bajaj Pulsar 150 On Urgent Sale,112000,,,Automatic,Black,2017,,45,150,Petrol,32000,Standard
Apache Rtr160cc 132 Lot Super Fresh Condition Sell,175000,,,Manual,,2021,,,,Petrol,,Sport
Pulsar 150 65 Lot Super Fresh Condition Onsell,80000,,,Manual,,2014,,,,Petrol,,Sport
Jawa 42 300cc 118 Lot Super Fresh Condition Sell,278000,,,Manual,,2020,,,,Petrol,,Standard
Tvs Jupitar 94 Lot Super Fresh Condition Onsell,88000,,,Manual,,2018,,,,Petrol,,Scooty
Honda Aviator 93 Lot Super Fresh Condition Onsell,119000,,,Manual,,2018,,,,Petrol,,Scooty
pulsar 220f 131 lot,248000,,,Manual,,2021,,,220,Petrol,,Standard
Aprilla Sr 125cc 131 Lot Super Fresh Condition Ons,157000,,,Manual,,2013,,,,Petrol,,Sport
Bajaj 220F pulsar Abs Single Hand 2022 model 038,260000,,,Automatic,Black Red,2022,Home to office ,35,220,Petrol,16500,Standard
Single Hand Used Vespa,148000,5yrs,1yrs,Manual,Sky blue,2021,All,35,125,Petrol,30000,Scooty
Honda hornet 160r,159999,,,Manual,Orange,2018,,45 kmpl,160,Petrol,34000,Standard
Apache RTR 200 4V - CDI Unit,2600,,,Manual,,0000000,,,,Petrol,,Standard
Fz v3 bs6 ,235000,Personal,,Manual,Green,2021,Abs fi y connect pattern lock,48 Kmpl,150,Petrol,24000,Sport
BMW GS 310 on urgent sale,730000,Sometimes ,Engine,Manual,Grey,2019,,30,310,Petrol,31500,Others
Tvs Ntorq,185000,,,Automatic,,2020,,,,Petrol,36000,Scooty
xpluse 126 lot,228000,,,Manual,,2021,,,,Petrol,,Sport
tvs jupiter for sale,65000,,,Automatic,,2017,,,125,Petrol,,Scooty
yamaha fz 25 for sale,157000,,,Automatic,blue,2019,,,250,Petrol,40000,Standard
motor bike,30000,,,Manual,,2008,,,125,Petrol,,Standard
Suzuki Gixer for sale,115000,personal,no,Manual,blue,2016,race model,55,153,Petrol,35000,Sport
showroom condition bullet 2021 on sale,530000,,,Manual,battel green,2021,,,350,Petrol,21000,Standard
Crossfire Hj 250 2020 Last Model,420000,,,Manual,Orange/ Black ,2020,,25,250,Petrol,7100,Dirt
Royal Classic 350  sale or exchange  Shwroom condi,550000,,,Automatic,Maroon ,2021,,,350,Petrol,26k,Standard
Pulsar 220f super fresh condition,140000,,,Manual,Purple and white,2017,Super Fresh condition bike  seal engine  Has great pick up and like new tyre  No problem in the bike With tax clear,35,220,Petrol,36000,Sport
Fzs v2,180000,,,Manual,Black and silver chrom,2018,Super fresh bike Great engine with like new looks and condition Only 22k running Both like new tyre Has fi so gives over 45+milage,45,150,Petrol,,Sport
Benelli 250i,210000,,,Manual,Red and White,2018,Single hand  Like showroom condition and looks Seal packed engine Has both fi and abs No maintenance needed  Fresh tyre and tax also clear,40,250,Petrol,,Sport
tvs,199000,1,available,Automatic,red,2024,sss,55,125,Petrol,5300,Standard
Aprilia sr150 (036)lot,205000,,,Manual,White,2022,Has like showroom looks and condition  Seal engine  Showroom tyre  Has disk break and only 15k running,35,150,Petrol,15000,Scooty
2011 Honda CB600F Hornet – For Sale,1500000,,,Manual,White,2011,,,600,Petrol,15k,Sport
Hero I Smart 53 Lot Super Fresh Condition Onsell,67000,,,Manual,,2014,,,,Petrol,,Sport
Yamaha Fzv1 51 Lot Super Fresh Condition Onsell,73000,,,Manual,,2013,,,,Petrol,,Sport
Discover 64 Lot Super Fresh Condition Onsell,67000,,,Manual,,2014,,,,Petrol,,Sport
Apache Rtr160cc 132 Lot Super Fresh Condition Onse,175000,,,Manual,,2021,,,,Petrol,,Sport
Pulsar 150 65 Lot Super Fresh Condition Onsell,89000,,,Manual,,2014,,,,Petrol,,Sport
Jawa 42 300cc 118 Lot Super Fresh Condition Onsell,278000,,,Manual,,2020,,,,Petrol,,Standard
Tvs Jupitar 94 Lot Super Fresh Condition Onsell,88000,,,Manual,,2018,,,,Petrol,,Scooty
Honda Aviator 93 Lot Super Fresh Condition Onsell,119000,,,Manual,,2018,,,,Petrol,,Scooty
Aprilla Sr 125cc 131 Lot Super Fresh Condition Ons,157000,,,Manual,,2021,,,,Petrol,,Scooty
Dio 125 Sell,245000,,,Automatic,Red and black ,2024,,50,125,Petrol,8000,Scooty
Honda,55000,,,Manual,kalo rato,2010,,40,125,Petrol,,Standard
Aprilla sr 125cc. 131 lor super fresh condition,157000,,,Manual,,2021,,,,Petrol,,Scooty
honda unicorn 41 lot super fresh condition on sell,67000,,,Manual,,2010,,,,Petrol,,Sport
Ns 200 ( 2018 Model ),150000,Personal ,,Manual,Red ,2018,,35,200,Petrol,49000,Sport
Yamaha Ray Z R street rally,180000,,,Manual,Green,2020,,45,125,Petrol,29000,Scooty
Fz 250 Fi Abs,214000,,,Manual,Black,2019,,40,250,Petrol,24000,Sport
honda unicorn 39lot,55000,,,Automatic,,2010,,,,Petrol,,Standard
Honda Shine,120000,,,Manual,Black,2017,,45,125,Petrol,31000,Sport
vespa vxl,130000,,,Manual,red,2018,,,125,Petrol,11025,Scooty
Bajaj pulsar 150 (2021),150000,Personal,no,Automatic,Black and red,2021,,40,150,Petrol,50286,Standard
XR 190 on sale...,599999,personal,1 year engine warranty,Manual,red and black,2022,,38,190,Petrol,15000,Dirt
Meteor 350. Digital meter console,10000,Like new,No,Manual,Black,2025,All digital description of bike including km  fuel  odometer and trip meter,35,350,Petrol,0,Cruiser
Bike for sale!!!! Pulsar 150 single disc hurry !!,100000,Practice,No warranty,Manual,Red and black,2013,New tyre . Engine repaired,40,150,Petrol,50000,Others
Duke 390,650000,,,Manual,White ,2021,,,390,Petrol,18000,Sport
Honda nx 200 153 lot sale,398000,,,Automatic,Black,2024,,45,200,Petrol,5000,Standard
2019 year model ..Dominar400 For Sell,400000,Touring and Normal Home to office,Null,Automatic,Black,2019,Accesorries worth more than 80k.. ,28+,400,Petrol,32000+,Cruiser
Apache bike on Sale -(42 LOT),55000,,,Manual,,0,,,,Petrol,,Others
Crossfire tracker 250 (032)lot super fresh bike,160000,,,Manual,Black and Red,2021,Single hand bike  Seal smooth engine  Like showroom looks and condition  Only 23k genuine running and great milage  Timely maintained and no problem in bike,32,250,Petrol,23000,Dirt
Xr190 sasto price ma single use,450000,,,Manual,Black and Red,2018,Single hamd use  smooth engine Like showroom looks and condition Only 28k genuine running Has fi and great milage Timely maintained and no problem in the bike,45,190,Petrol,28000,Dirt
Ktm Duke 200 154 Lot Sale Or Exchange,498000,1 years ,,Manual,Orange,2024,Abs,40,200,Petrol,11000,Standard
Bajaj Ns 125 141 Lot Sale Or Ex,169000,2 yeras,,Manual,White,2021,Sele ,45,125,Petrol,23000,Standard
Green Low Speed Electric Scooter/30 KM Range,55000,,,Automatic,Sky Blue,2025,,30,,Electric,,Scooty
Yahama R15 79 Lot Sale Or Exchange,129000,3 yeras ,,Manual,White red,2016,Fi,45,150,Petrol,22000,Standard
Bajaj Pulsar 150cc 91 Lot Sale Or Ex,129000,4 years,,Manual,Black,2018,Self ,45,150,Petrol,33000,Standard
Honda Avator 87 Lot Sale Or Exchange,135000,2 yeras,,Manual,White,2017,Self,45,110,Petrol,33000,Scooty
Hero Xpulse 200 2V,215000,4years,,Manual,Black,2021,ABS,37,199,Petrol,39000,Dirt
Yahama Rayz Disk Break Fi 133 Lot Sale Or Ex,189000,2 yeras ,,Manual,Blue,2021,Fi,50,125,Petrol,16000,Scooty
Yahama Fzs 120 Abs V3 120 Lot Sale Or Exchange,229000,2 yeras,,Manual,Blue,2020,Abs,50,150,Petrol,23000,Standard
Tvs Styker 125cc 145 Lot Sale Or Ex,139000,1 years,,Manual,Blue,2023,Self,50,125,Petrol,13000,Standard
unicorn,90000,,,Manual,gray,2010,,35,149,Petrol,50000,Others
pleasure 44lot,50000,,,Automatic,,2011,,,,Petrol,,Standard
discovery 68lot,65000,,,Automatic,,2015,,,,Petrol,,Standard
ntorq 016lot,160000,,,Automatic,,2020,,,,Petrol,,Standard
"Super fresh 
Cf moto Nk 250cc  95lot",177000,,,Manual,,2018,,,,Petrol,,Sport
Cf Moto Nk 250cc Abs 97 Lot,177000,,,Manual,,2018,,,,Petrol,,Standard
Nk 250 Cc Fi Abs 2018 Model 9823657076,173000,,,Manual,,2018,,,250,Petrol,,Scooty
Pulsar 220  Blue Color  95 Lot,160000,Personal,,Manual,Blue,2017,,35,220,Petrol,29000,Standard
Honda UNicorn 160 bs4 for sale 41k KM run. ,140000,,,Manual,,2017,,,160,Petrol,41000,Standard
Honda dio on sell 2022 model 037 lot ,170000,Office,,Manual,Black,2022,,45-40,109,Petrol,24000,Scooty
Honda aviator 93 lot sale,112000,,,Automatic,Maroon,2017,,35,110,Petrol,29000,Scooty
Honda aviator 69 lot sale,85000,,,Automatic,Maroon,2015,,35,110,Petrol,35000,Scooty
avaitor 62 lot sale,75000,,,Automatic,Maroon,2011,,35,110,Petrol,49000,Scooty
Honda aviator 63 lot sale,77000,,,Automatic,Maroon,2010,,35,110,Petrol,48000,Scooty
Honda aviator 49 lot sale,65000,,,Automatic,White,2009,,35,110,Petrol,59000,Scooty
Honda aviator 110 lot on sale,132000,,,Automatic,Grey,2019,,35,110,Petrol,27000,Scooty
Honda aviator 75 lot on sale,90000,,,Automatic,Grey,2016,,35,110,Petrol,38000,Scooty
Honda sp shine 79 lot sale,105000,,,Automatic,Black,2016,,40,125,Petrol,39000,Standard
Honda shine 162 lot (2018) on sale,128000,,,Automatic,Black and red,2018,,40,125,Petrol,30000,Standard
Honda shine 137 lot sale,188000,,,Automatic,Black red,2022,,40,125,Petrol,18000,Standard
ZR lot 042,140000,,,Automatic,,2020,,,113,Petrol,,Standard
fi Abs Ns200,215000,,1mth,Manual,,2021,,,200,Petrol,,Standard
Pulsar 220 Abs  lot 025,235000,,,Automatic,,2021,,,220,Petrol,,Standard
Grazia 125 lot 013,160000,,,Automatic,,2019,,,125,Petrol,,Scooty
Bajaj Pulsar 150cc TD 101 Lot Sal Or Ex,135000,3 yeras,,Manual,Black,2019,Doube disk,40,150,Petrol,29000,Standard
Pulsar 125 lot 016,140000,,,Automatic,,2020,,,125,Petrol,,Standard
Honda Grazaia 125cc Disk Break 115 Lot Sale Or Exc,169000,3 yeras,,Manual,Grey,2020,Disk break,45,125,Petrol,23000,Scooty
Tvs Nrorque Drum 147 Lot Sale Or Exchange,179000,2 years,,Manual,Grey,2023,Self smart connect ,45,125,Petrol,21000,Scooty
classic hartford on sale!!!🔥🔥,150000,,,Manual,brown,2003,,,150,Petrol,,Standard
88 lot vespa on urgent sale!!,130000,,,Manual,blue,2017,,,125,Petrol,,Scooty
Ntorq 125 Cc 156 Lot Sell And Exchange,167000,,,Manual,,2022,,,,Petrol,,Sport
Fi Glamor 136 Lot Sell And Exchange,153000,,,Manual,,2022,,,,Petrol,,Sport
Honda Hornet 101 Lot Sell And Exchange,147000,,,Manual,,2018,,,,Petrol,,Sport
rayzr fi 125cc on sell,169000,,,Manual,,2021,,50,125,Petrol,,Scooty
dio 130 lot urgent sell,175000,,,Automatic,,2021,,,110,Petrol,17000,Scooty
tvs ntorq on sell,165000,,,Manual,,2022,,35,125,Petrol,,Scooty
honda xr190L 039lot urgent on sell,610000,,,Manual,,2022,,35,190,Petrol,,Standard
136 lot pulsar 150 urgent sell,189999,,,Manual,,2022,,,150,Petrol,,Standard
141 lot fzs v2 dual disk on sel,260000,,,Manual,,2022,,40,150,Petrol,20000,Standard
Dominar 250 red colour on urgent sell. Good condit,320000,,,Manual,Red,2022,,30,250,Petrol,,Sport
Tvs Jupitar 94 Lot Super Fresh Condition Onsell,88000,,,Manual,,2018,,,,Petrol,,Scooty
Honda Aviator 93 Llt Super Fresh Condition Onsell,119000,,,Manual,,2018,,,,Petrol,,Scooty
Aprilla Sr 125cc 131 Lot Super Fresh Condition,157000,,,Manual,,2021,,,,Petrol,,Scooty
Honda Shine 57 Lot Super Fresh Condition Onsell,85000,,,Manual,,2013,,,,Petrol,,Sport
Ntorq 125cc Fi 133 Lot Super Fresh Condition Onsel,198000,,,Manual,,2021,,,125,Petrol,22000,Scooty
Super Splendour 56 Lot Super Fresh Condition Onsel,67000,,,Manual,,2013,,,,Petrol,,Sport
Yamaha R15 V3 123 Lot Onsell,277000,,,Manual,,2020,,,,Petrol,,Sport
Yamaha Ray Zr 125 Fi Onsell,173000,,,Manual,,2021,,,,Petrol,,Scooty
Tvs Phonex 68 Lot Super Fresh Condition Onsell,67000,,,Manual,,2014,,,,Petrol,,Sport
Honda Unicorn 41 Lot Super Fresh Condition Onsell,67000,,,Manual,,2010,,,,Petrol,,Sport
Royal Enfiled Hunter 145 Lots Sale/Xchange,399900,1 year ,As Company Rules ,Automatic,Red/Black ,2023,Hey ?? Guys I have Royal Enfiled Hunter 145 lots Red|Black Colors Bike Superfresh Condition Ma 6 As Showroom Not a Single Scratch Run km is Only 15k Bike Single Ho You Can See Orginal photos Also if you Want To Buy/Xchange Plz ?? ?? ?? Call/Reply Us 9851205105/9861024681 For Details You Can Search in Google/Facebook/TikTok/Youtube/WhatsApp Prakrish Enterprises sorakhute Prakrish Chwok Puspalal Marga Kaldhara Khasbu Linkroad 17 We Are Open Sunday-Friday 9:30Am-6:30Pm,35,350,Petrol,15000,Standard
105 lot Honda shine urgent sell,147000,,,Manual,,2019,,55,125,Petrol,29000,Standard
131 lot fzs v3 urgent sell,239999,,,Manual,,2021,,45,150,Petrol,,Standard
Rs 200 2015 last,132000,,,Automatic,,2015,,,,Petrol,,Sport
Honda Aviator Scooter,130000,,,Manual,Red,2078,,,110,Petrol,Meter not working,Scooty
Italica Formula 150 2022 last model,170000,personal uses,nil,Automatic,blue,2022,best pickup ever,,150,Petrol,9500,Sport
pulsar 220  2021 model ko 137 lot ko fresh bike ..,270,,,Automatic,Red/black,2021,,40,220,Petrol,18000,Sport
tvs Wego 2016 model,85000,,,Automatic,,2016,,,,Petrol,,Scooty
Pleasure sasto,35000,,,Manual,,2008,,,,Petrol,,Sport
Mt15 Like New 143 Lot,395000,,,Manual,,2023,,55,155,Petrol,,Standard
hero glamour 2021model,129000,PERSONAL USED,,Manual,BLUE,2021,,55,125,Petrol,38000,Standard
yamaha fz v2 bs6,235000,2,available,Automatic,black,2022,sss,50,150,Petrol,25000,Standard
Vespa 150Cc SXL 79 Lots Sale/Xchange,105900,5 years ,As Company Rules ,Automatic,Mat red ,2016,Hey ?? Guys I have Vespa 79lots Mat Red Colors Scrooty Superfresh Condition Ma 6 As Showroom Not a Single Scratch Run km is Only 29k Scrooty Single Handed Ho You Can See Orginal photos Also if you Want To Buy/Xchange Plz ?? ?? ?? Call/Reply Us 9851205105/9861024681 For Details You Can Search in Google/Facebook/TikTok/Youtube/WhatsApp Prakrish Enterprises sorakhute Prakrish Chwok Puspalal Marga Kaldhara Khasbu Linkroad 17 We Are Open Sunday-Friday 9:30Am-6:30Pm,30,150,Petrol,29000,Scooty
Aprilia SR 125 (120 lot),134000,,,Automatic,,2020,,,125,Petrol,13000,Scooty
honda shine bike 125 lot.if u want 9706127526,162000,,,Automatic,,2021,,,,Petrol,,Others
Bajaj Discover 125Cc 54 Lots Sale/Xchange,50900,7 years ,As Company ,Automatic,Black ,2012,Hey ?? Guys I have Bajaj Discover 54 lots 125Cc Black Colors Bike Condition Ma You Can See Orginal photos Also if you Want To Buy/Xchange Plz ?? ?? ?? Call/Reply Us 9851205105/9861024681 For Details You Can Search in Google/Facebook/TikTok/Youtube/WhatsApp Prakrish Enterprises sorakhute Prakrish Chwok Puspalal Marga Kaldhara Khasbu Linkroad 17 We Are Open Sunday-Friday 9:30Am-6:30Pm,45,125,Petrol,45000,Sport
Apache RTR 180CC at unbeatable price is on sale ,130000,Only home to office,,Manual,Grey,2017,,40+,180,Petrol,23500,Standard
Xpulse super fresh  2020 model,205000,Office to home ,6 months engine warranty ,Manual,White,2019,Super fresh ,35,200,Petrol,30k,Dirt
CF 450,1075000,,,Manual,,2024,,,450,Petrol,8000KM,Others
Pulsar 150 single hand ,195000,Collage to hone,6month,Manual,Blue,2023,You,50,150,Petrol,18k,Sport
Tvs Raider 125 On Sale URGENT,179999,,,Manual,Black,2022,,65,125,Petrol,19000,Standard
Hero Honda splensor sale or exchange  Ramro condit,35000,,,Automatic,Blue,2003,,,100,Petrol,50k,Standard
Motor bike,120000,10 Years,No warranty,Manual,Red ,2016,,30-55,150,Petrol,75000,Standard
R3 on sell,600000,5,,Manual,blue,2019,,25,320,Petrol,46000,Sport
fz v3 2021 model single handed.. 33000km running,230000,personal use,,Manual,black,2021,,45,150,Petrol,33000,Standard
Bajaj pulsar 220 sell or exchange ,122000,8 years ,No,Manual,Wine red,2016,Yes,38,220,Petrol,42508,Sport
Pulsar 220,145000,Personal,,Manual,Blue,2017,,40,220,Petrol,30k,Standard
Garow DT-54  Long Range,375000,Personal,Battery 3Years+Motor 100000KM,Automatic,Red+Gray,2025,CBS  Longe Range,300KM+,3000Watt,Electric,0,Scooty
Honda Dio,115000,,,Automatic,,2016,,,110,Petrol,27000,Scooty
Aprilla Sr125 Like New 126 Lot,165000,,,Automatic,,2021,,45,125,Petrol,,Scooty
Mt15 Like New 147 Lot,415000,,,Manual,,2023,,55,155,Petrol,,Sport
Duke200 Bs4 Like New 91 Lot,285000,,,Manual,,2017,,40,200,Petrol,,Standard
Ns 200 (023)lot abs,210000,,,Manual,Red and White,2021,Single hand  Like new showroom like bike  seal pack smooth engine sound  great pick up and upto 35 milage  Both like new tyre only 26k running and Has abs,35,200,Petrol,22000,Sport
Mt 15 bs4 sasto price ma,270000,,,Manual,Blue and Black,2019,Like showroom looks and condition bike seal packed engine Less running Both like new tyre and wheel cover With both fi and abs,45,155,Petrol,,Sport
Ntorq 125 (030)lot like new only 12k running,175000,,,Manual,Blue super squid,2021,Ladies driven scooter less running smooth showroom like looks and condition no problem in the scooter and both led lights and disk break,35,125,Petrol,12000,Scooty
Honda Dio,130000,,,Manual,Red and Black,2017,Single hand  Like new showroom like scooter  seal pack smooth engine sound  great pick up and upto 40+milage  Both like new tyre  19k running and led head lights,40,110,Petrol,19000,Scooty
Ns 200 bs4,145000,,,Manual,Red and Black,2017,Super fresh bike Great engine condition like new tyre No problem in the bike and free servicing,35,200,Petrol,,Sport
yamaha street rally 125fi hybrid scooter for sale,240,2 years,yes,Automatic,black and green,2023,fi hybrid engine,48,125,Petrol,31536,Scooty
Gixxer 110 Lot,148000,,,Manual,,2019,,,,Petrol,,Standard
Pulsar 125cc 151 Lot,187000,,,Manual,,2023,,,,Petrol,,Standard
BMW Onsale,795000,Personal ,,Manual,Blue,2021,,25,310,Petrol,22000,Cruiser
Fi glamor  136lot  fresh condition on m sale,157000,,,Manual,,2022,,,,Petrol,,Sport
Aprilla Sr 125cc 119 Lot Super Fresh Condition Ons,137,,,Manual,,2020,,,,Petrol,,Scooty
Yamaha R15 V3 123lot super fresh condition on sell,277000,,,Manual,,2020,,,,Petrol,,Sport
Ntorq 125cc 156 Lot Super Fresh Condition Onsell,173,,,Manual,,2022,,,125,Petrol,,Scooty
Yamaha R15 M  142lot super fresh condition,398000,,,Manual,,2022,,,,Petrol,,Sport
ntorq 125cc 133 lot Fi super fresh condition,198000,,,Manual,,2021,,,,Petrol,,Scooty
aprilla sr 125cc 131 lot super fresh condition,157000,,,Manual,,2021,,,,Petrol,,Scooty
jawa 300cc 118 lot super fresh condition,288000,,,Manual,,2020,,,,Petrol,,Standard
Apache rtr 160 4v abs super fresh condition,188000,,,Manual,,2021,,,,Petrol,,Sport
Hero pleasure 45 lot on sale,45000,,,Automatic,Red and black ,2009,,35,100,Petrol,35000,Scooty
Hero pleasure 40 lot on sale,43000,,,Automatic,Black,2008,,35,100,Petrol,35000,Scooty
Sasto ma hero pleasure 22 lot on sale,32000,,,Automatic,Blue,2005,,35,100,Petrol,35000,Scooty
dominar 400 on sale!!!🔥🔥,205000,,,Manual,brown,2017,,,400,Petrol,39000,Standard
Hero Splendor 64 lot,80000,,,Manual,,2016,,,125,Petrol,,Standard
dio on sale urgent,40000,,,Automatic,black,2012,,30,110,Petrol,,Scooty
Bajaj pulsar 150 TD,140000,Regular purpose,,Manual,black,2018,,40-45,149,Petrol,34k,Standard
150 pulsar 118 lot urgent sell,162000,,,Manual,,2020,,,150,Petrol,25000,Standard
suzuki gixer lot 110 super fresh condition,145000,,,Automatic,,2019,,45,150,Petrol,28000,Sport
pulsar 125cc 151 lot,185000,,,Automatic,,2023,,55,125,Petrol,12000,Sport
CB Unicorn 150cc  42 Lot  single handed ,60000,,No,Manual,Black,2010,Selfstart,50 KM/L,150,Petrol,62000,Standard
tvs raider 152,250000,Pathao,N''o,Manual,Black,2024,Fi,55,125,Petrol,26000,Others
Yamaha FZS V2 (2019) | 23 000 km plus run,250000,,,Manual,Armada Blue,2019,,45,149,Petrol,23000,Standard
Dominar 400,199999,,,Manual,,2017,,,,Petrol,,Sport
Super splendor 39 lot,70000,,,Automatic,black,2008,,,,Petrol,,Others
pulser 220f Abs 059 lot 2025 last model.!!,385,yes,showroom warranty,Automatic,blue,2025,good,50,220,Petrol,2400,Standard
CB Hness,800000,3,,Manual,Red,2022,Traction control Abs,30,350,Petrol,17000,Cruiser
FZ v2,170000,Official use only,,Automatic,Gray,2018,,45-50,Seal pack,Petrol,58190,Sport
Yamaha alpha 67 lot,68000,,,Manual,,2013,,,,Petrol,,Scooty
grazie 108 lot,155000,,,Manual,,2019,,,,Petrol,,Scooty
Ns 160 argent sell 2022 model,165000,Personally ,,Manual,White,2022,,45,160,Petrol,29000,Standard
Ray Zr 125 cc Fi 9k km running ,215000,,,Automatic,Black,2022,,60,125,Petrol,9000,Scooty
pulsar 150 lot 83 super fresh condition,123000,,,Automatic,,2017,,45,150,Petrol,27000,Sport
Dominar 400cc lot 123 super fresh condition,305000,,,Automatic,,2021,,30,400,Petrol,18000,Sport
Ntroq fi lot 133 super fresh condition,195000,,,Automatic,,2021,,40,125,Petrol,20000,Scooty
Aprilla sr 150cc lot 117 super fresh condition,145000,,,Automatic,,2020,,35,150,Petrol,20000,Scooty
Aprilla sr 125cc lot 119 super fresh condition,143000,,,Automatic,,2020,,35,125,Petrol,25000,Scooty
hero Honda,200000,,,Manual,,2020,,,,Petrol,,Standard
Aprilla sr 150cc lot 125,155000,,,Automatic,,2021,,35,150,Petrol,20000,Scooty
Hero Glamour,55000,office,life time,Manual,red,2015,,55,125,Petrol,35000,Standard
Bajaj Pulsar 220f abs (121 lot),209000,,,Manual,,2020,,,220,Petrol,18000,Standard
143 lot  TVS NTORQ scooter on sell,230000,office to home,no,Automatic,black / blue,2023,ss,55,125,Petrol,13000,Scooty
Dio for sale,135000,School use,,Manual,Black,2018,,35,113,Petrol,39900,Scooty
Honda Hornet 2016 model,115000,,,Manual,Orange,2016,,40,160,Petrol,80000,Others
Ns 200 Fi & Abs (Top New Model ),259999,,,Manual,White and black ,2022,,40,200,Petrol,,Sport
Royal Enfield Classic 350 Bullet Bike,340000,,,Manual,Battle Green,2017 ,,30/32,350,Petrol,33000,Standard
"Kawasaki Ninja 250R (Twin clyinder) Tax clear

225",225000,,,Manual,,2015,,,,Petrol,,Sport
Ns 200 fi abs,235000,,,Manual,Red and black,2019,,35,200,Petrol,28000,Others
Ns200,235000,,,Manual,Red and black,2019,,35,200,Petrol,28000,Others
Honda Aviator (70 lot),99000,,,Automatic,,2015,,,,Petrol,,Scooty
HERO DESTINI 118 LOT ✅ 9813296721,95000,,,Automatic,,2020,,,125,Petrol,,Scooty
NTORQ 125cc RACE EDITION 120 LOT ✅ 9813296721,165000,,,Automatic,,2020,,,125,Petrol,,Scooty
Ktm duke 390 ,500000,5,,Automatic,Red,2017,,,390,Petrol,48000,Sport
honda hornet (86) lot,130000,,,Automatic,,2017,,50,160,Petrol,,Standard
Honda,90000,office,,Manual,black blue,2016,,35,,Petrol,76000,Standard
Honda Hernet bike on urgent Sale,90000,office,,Manual,,2016,,25,,Petrol,76000,Sport
Xpluse 200 bike,230000,personal,,Manual,white ,2020,Abs Bluetooth eco mode,45,200,Petrol,30000,Dirt
aprilla storm 125 with sr 150 stickers,145000,personal,,Manual,mat black,2019,,35,125,Petrol,26000,Scooty
Ray Zr Fi 125,175000,,,Automatic,,2021,,,,Petrol,,Scooty
Duke 200 on sale,449000,,,Automatic,,2023,,,200,Petrol,2000,Standard
delivery person needed for ice cube delivery,18000,,,Manual,,2023,,,,Petrol,,Scooty
BULLET ELECTRA 5S,379999,,,Manual,,2008,,,,Petrol,,Standard
urgent sell  personal bike contact: 9705413810,299000,,,Automatic,blue,2022,,45,155,Petrol,32000,Standard
"Classic 350 2018 Model
Engine Seal Pack",420000,,,Manual,,2018,,,,Petrol,,Others
on sell,100000,,,Automatic,,2014,,,220,Petrol,,Sport
Honda dio sale in Kathmandu Nepal,170000,Office,No,Manual,Red,2018,Manual,40/45,125,Petrol,43000,Scooty
Pulsar 220,115000,personal,,Manual,blue and black,2016,all features double indicators engine cooling,35,220,Petrol,,Standard
R15v3 Bs6 On Sale And Exchange,315000,,,Automatic,Blue,2021,,50,155,Petrol,25000,Sport
Honda Aviator 67 Lots Sale/Xchange,87900,5 years ,As Company Rules ,Automatic,Maroon ,2015,Hey ?? Guys I have Honda Aviator 67lots Maroon Colors Scrooty Superfresh Condition Ma 6 As Showroom Not a Single Scratch You Can See Orginal photos Also if you Want To Buy/Xchange Plz ?? ?? ?? Call/Reply Us 9851205105/9861024681 For Details You Can Search in Google/Facebook/TikTok/Youtube/WhatsApp Prakrish Enterprises sorakhute Prakrish Chwok Puspalal Marga Kaldhara Khasbu Linkroad 17 We Are Open Sunday-Friday 9:30Am-6:30Pm,40,110,Petrol,67000,Scooty
Bajaj Pulsar N150 2024,320000,,,Manual,Black,2024,,,150,Petrol,6500,Sport
FZ V2 80 LOT SUPER FRESH  9813296721,135000,,,Manual,,2016,,,150,Petrol,,Standard
HERO GLAMOUR 108 LOT BIKE   9813296721,88000,,,Manual,,2018,,,125,Petrol,,Standard
DUKE 200 BS4 89 LOT SUPER FRESH   9813296721,255000,,,Manual,,2017,,,200,Petrol,,Sport
AVIATOR 93 LOT SUPER FRESH   9813296721,125000,,,Automatic,,2017,,,110,Petrol,,Scooty
JUPITER 94 LOT SCOOTER  9813296721,85000,,,Automatic,,2018,,,125,Petrol,,Scooty
JAWA 300cc 118 LOT BIKE   9813296721,285000,,,Manual,,2020,,,300,Petrol,,Standard
PULSAR 150 65 LOT BIKE   9813296721,95000,,,Manual,,2015,,,150,Petrol,,Standard
APACHE RTR 160 4V ABS 132 LOT   9813296721,185000,,,Manual,,2021,,,160,Petrol,,Standard
DISCOVER 125ST 64 LOT BIKE   9813296721,74000,,,Manual,,2014,,,125,Petrol,,Standard
FZ V1 51 LOT BIKE   9813296721,85000,,,Manual,,2012,,,150,Petrol,,Standard
CLASSIC 350 011 LOT FRESH BIKE ✅ 9813296721,455000,,,Manual,red,2019,,,350,Petrol,,Standard
APRILLIA SR 150CC 117 LOT ✅ 9813296721,145000,,,Automatic,,2020,,,150,Petrol,,Scooty
R15 M 142 LOT SUPER FRESH CONDITION ✅ 9813296721,395000,,,Manual,grey,2022,,,155,Petrol,,Sport
Dominar 250 FI ABS 2021 model 125 lot ON SALE,319000,Personal ,,Manual,Black,2021,Dominar 250  2021 model 125 lot FI ABS,30,250,Petrol,14000,Sport
Hunter On Sell,410000,1 year,,Manual,Retro grey,2024,Comes with head light back light cover ,36,350,Petrol,6000,Cruiser
Fresh TVS apache bike on sell...,205000,Personal,,Manual,,2022,,,,Petrol,,Standard
Aprilla Sr 125 019 Lot,148000,,,Automatic,,2020,,,,Petrol,,Scooty
125 Honda CB Shine 2018 model 95 lot sell Exchange,129000,,,Automatic,Black ,2018,Home to office ,50,125,Petrol,29000,Standard
Bike for rent 9851406950,1500,,,Manual,,2018,,,,Petrol,,Sport
125 Hero Destini Single Hand 2020 model 017 lot ,99000,,,Automatic,Black ,2020,Home to office ,40,125,Petrol,18000,Scooty
"Honda Shine 109 Lot
2019 Model
9841605313",145000,,,Manual,Black,2019,,50,125,Petrol,22000,Standard
Aviator single hend 124 lot fresh 9803656430,150000,,,Automatic,,2021,,,,Petrol,,Scooty
Honda Dio 66 lot super fresh 9803656430,90000,,,Automatic,,2015 last,,45,,Petrol,,Scooty
Pulsar 150 sigal disc 83-lat 9803656430,119000,,,Automatic,,2016 last,,45+,150,Petrol,,Standard
"Ntorq 132 Lot
2021 Last Model
9841605313",190000,,,Automatic,Yellow & Black,2021,,45,125,Petrol,,Scooty
Suzuki Burgman 125cc 109 lot 9803656430,128000,,,Automatic,Grey,2019 last,,40+,125,Petrol,,Scooty
Hero destini 118 lot super fresh 9803656430,90000,,,Automatic,,2020,,45+,,Petrol,,Scooty
Hero mestro 98 lot super fresh 9803656430,80000,,,Automatic,,2018,,45,,Petrol,,Scooty
220 pulsar Abs like new 124 lot 9803656430,219000,,,Automatic,,2021 last,,35+,220,Petrol,28000,Standard
Fascino 75 lot fully fresh 9803656430,70000,,,Automatic,,2016,,45+,,Petrol,,Standard
2023 MT15 on sale,360000,Going college,Seal pack engine,Manual,Black,2023,VVA,45,155,Petrol,25000,Standard
Scooter on sell,160000,,,Manual,Green,2020,,55,125,Petrol,35000,Scooty
CB SHINE,72000,,,Manual,,2010,,,,Petrol,,Standard
TVS Ntorg Drum 125 153lot Blue,190000,6 months,,Automatic,Blue,2024,,,125,Petrol,9000,Scooty
Discover 84 lot,70000,,,Automatic,,2015,,,,Petrol,,Others
Tvs,175000,2,available,Automatic,Red,2020,sss,45,160,Petrol,18000,Standard
Aprila 150cc 124 lod ,160,Self ,No,Manual,Black ,2021,Fresh ,20,150,Petrol,,Scooty
Ray zr 125,195,,,Automatic,Mat blue,2022,,65,125,Petrol,15000,Scooty
Pleasure 44 lot,58000,,,Automatic,,2006,,,,Petrol,,Scooty
Aprilia sr 150cc 117 lot,148000,,,Manual,,2020,,,150,Petrol,,Scooty
Apache rtr 160 4v,80000,4-5,6 month engine warranty,Manual,Red and silver,2016,,25,160,Petrol,50000,Sport
Crossfire for rent(9840302214),4000,,,Manual,,2016,,,250,Petrol,,Dirt
Pulsar 200 NS(2014 model). In excellent condition.,150000,,,Manual,white and black (unique Batman stickers),2014,,,200,Petrol,70000,Sport
Yamaha fz v2 double disk,260000,only,,Manual,army,2022,only,50,150,Petrol,16500,Standard
X-pulse-200,195000,4 yrs,,Manual,White,2021,,30,200,Petrol,31000,Dirt
Bullet 350 Classic 2021 Model,514999,,,Manual,Battle Green,2021,,35,350,Petrol,25000,Standard
Honda Grizea Bs6 With Disc For Sale,245000,1 years,,Manual,Nave blue,2024,Afi system 50-55 milage  front disc break,55,125,Petrol,16000,Scooty
URGENT FOR SALE BAJAJ,163000,,,Manual,Bulk,2021,CONTACT NO?? 9860060409/9801059409 GOLDEN OPPORTUNITY GUYS  INTERESTED BUYERS DIRECT CALL OR SMS ME FOR MORE DETAILS  BAJAJ PULSAR 150 CC TD 123Lot 2021MODEL SINGAL HANDED  PRICE. 163000 EXCHANGE ALSO AVAILABLE **  TAX UPTO 082/83 AVAILABLE XA  14K /-ONLY RUNNING VAYAKO XA BIKE JASTO SHOWROOM BATA LIYAKO JESTAI XA SINGAL SCRATCH NI  XAINA FULLY FRESH CONDITION MA XA BIKE AAYARA TEST RIDE GARERA RAMARI HERNUS HAAI NO JPT COMMENT LINE VAYA MATRA CALL GARNU HOS LOCATION TEKU KATHMANDU BUS,45,150,Petrol,14000,Sport
Yamaha SZ-RR (Exchange with scooter),115000,,,Manual,Blue,2019,,,150,Petrol,,Standard
0034 Lot ko pulsar 150 Sd On sale n Exchange Serv,195000,Few years, M,Manual,Black,2021,A,40,150,Petrol,15000,Standard
Like fresh condition ,155,4 Years,No warranty,Automatic,Blue silver ,2019 last,,40,149,Petrol,22000,Sport
Tvs Raider 055lot,248000,,,Manual,,2025,,,,Petrol,,Standard
TVS Raider 048 lot,190000,Office work,,Manual,Black,2021,New,45,125,Petrol,28000,Standard
RTR 200 4v with ABS on sale,140000,7,No,Manual,Black red,2017,All,38,200,Petrol,35000,Sport
Ntorq 125 on sale,165,3,......,Automatic,Yellow black,2020,All,35,125,Petrol,28760,Standard
Pulsar 220F on SALE,410000,Peraonal Use,No warranty,Automatic,Red and Black,2025,With ABS,40,220,Petrol,3699,Sport
pulsar 150 td lot 119,155000,,,Automatic,,2019,,45,150,Petrol,25000,Sport
Tvs ntroq lot 123 super fresh condition,145000,,,Automatic,,2021,,35,125,Petrol,20000,Scooty
Dominar 400cc lot 123 super fresh condition,315000,,,Automatic,,2021,,30,400,Petrol,19000,Sport
Tvs ntroq fi lot 133 super fresh condition,195000,,,Automatic,,2021,,45,125,Petrol,20000,Scooty
Bajaj Pulsr 220 (2019 model) - Excellent Condition,225000,Private use only,,Automatic,Black Blue,2019,,40,,Petrol,51322,Standard
Yamaha Enticer Classic Cruiser Bike,65000,Years,None,Manual,Red,2004,Classic bike,45,125,Petrol,89000,Cruiser
R15 91 lot on sale 89841573829,135000,,,Manual,Red,2018,T,,150,Petrol,35000,Standard
Splendor Pro 56lot,40000,5yrs,3month engine ,Manual,Black blue,2012,,48,97,Petrol,54000,Standard
Urgent Sale Xr 190 041 Lot Single Hand Very Low Ra,599000,,,Manual,,2022,,,,Petrol,,Dirt
Urgent Sale 71 Lot Ns 200 Very Low Rate Ma,129000,,,Manual,,2016,,,,Petrol,,Sport
Urgent Sale Splander 47 Lot Very Low Rate Ma,59000,,,Manual,,2013,,,,Petrol,,Standard
Urgent Sale Gixxer 96 Lot Sf Very Low Rate Ma,128000,,,Manual,,2016,,,150,Petrol,,Sport
Aprilla SR 150 013 Lot For sale ‼️‼️,149000,,,Manual,Red Black,2019 last,Semi Digital,30,150,Petrol,24000,Sport
Urgent Sale Xpulse 012 Lot Very Low Rate Ma,175000,,,Manual,,2019,,,,Petrol,,Dirt
fresh bije on sale,65000,,,Manual,,2012,,,,Petrol,,Sport
bike on sale,60000,11 yrs,no,Automatic,white,2013,normal,45,99,Petrol,38000,Standard
unique bike on sale🔥🔥🔥,95000,,,Manual,red,2017,,40,150,Petrol,,Dirt
bike on sale @211000,215000,4 yrs,no,Automatic,red,2021,simple,40,160,Petrol,20000,Standard
200Ns FI on sale,185000,2 years ,,Manual,Red and black,2020,Fi,39,200,Petrol,44000,Sport
PULSAR 150 83 LOT FRESH BIKE ✅ 9813296721,125000,,,Manual,,2017,,,150,Petrol,,Standard
bike on sale @60000,60000,11 yrs,normal,Automatic,white,2013,simple,50,100,Petrol,38000,Standard
PULSAR 150TD SINGLE HAND 119 LOT ✅ 9813296721,155000,,,Manual,,2020,,,150,Petrol,,Standard
FASCINO 75 LOT ✅ 9813296721,74000,,,Automatic,,2016,,,110,Petrol,,Scooty
Yamaha Ray zr street rally 108 lot,118000,,,Manual,,2019,,40,,Petrol,,Scooty
Pulsar 220 F ABs Fresh Condition,240000,Personally only ,Bajai will know ,Manual,White and black ,2022,Fully loaded bike ,25000,220,Petrol,25000,Cruiser
Ns 200 on sale fresh xa kai banaunu parni xaina ,140000,Home to office only,None,Manual,Black and white,2017,Dual disc. ,29-31,200,Petrol,56000,Sport
Honda Aviator,150000,,,Automatic,,2019,,,,Petrol,20000,Scooty
TVS Zest scooty second hand,60000,,,Manual,white,2015,,,110,Petrol,40700,Scooty
Ntroq 123lot (Single Hand),148000,,,Automatic,,2021,,,,Petrol,,Scooty
Pulsar 150TD 119lot (Single Hand),157000,,,Manual,,2020,,,,Petrol,,Standard
Dominar 400 023 Lot,310000,,,Manual,,20213,,,,Petrol,,Standard
149 lot Royal enfield Hunter like new condition,395000,,,Manual,,2024,,,,Petrol,,Sport
Fzv2 002lot 2018 model 9860797831,174000,Personal ,,Manual,Gren,2018,Full,45,150,Petrol,35,Standard
kohi chadne ho yo ?????????,565000,personal,no,Manual,white \black,2011,all,30,250,Petrol,0000,Dirt
 Honda Dio (142 lot),186000,,,Automatic,,2022,,,110,Petrol,9000,Scooty
Hero xpulse-200,200000,,,Manual,White,2021,,30-35,200,Petrol,31000,Dirt
Mt15 Bs6 136lot,358000,,,Manual,,2022,,,,Petrol,,Standard
Hero Destani 118lot,98000,,,Automatic,,2020,,,,Petrol,,Scooty
Ntroq 120 Lot(Single Hand),168000,,,Automatic,,2020,,,,Petrol,,Scooty
Honda Dio,130000,,,Automatic,,2017,,,,Petrol,,Scooty
hero xpluse,200000,4 yraes,yes,Automatic,white,2021,Bluetooth location,35,200,Petrol,24000,Dirt
Hero Xpulse 4v,345000,,,Manual,,2022,,,200,Petrol,17000,Dirt
Yamaha Aerox,450000,,,Automatic,Blue,2024,,,,Petrol,,Scooty
Apache RTR 200 4V,130000,,,Automatic,Red,2017,,,200,Petrol,48000,Standard
Aprilla Sr 150 Cc 117 Lot 2020 Model Price 147k,147000,,,Manual,Red,2020,,,150,Petrol,,Scooty
Pulsar Ns200 Fi Abs Bs7 New,375000,,,Automatic,,2024,,45,200,Petrol,5328,Sport
Fzsv2 Emergency Sale,235000,,,Automatic,,2021,,45,149,Petrol,30000,Sport
Pulsar AS 150 for sale,85000,,,Automatic,Red,2015,,,150,Petrol,30603,Standard
TVS Ntorq Race Edition Bs6 version ,204,,,Automatic,,2020,,,,Petrol,,Standard
Dio,99999,3,,Automatic,,2016,,40,110,Petrol,46,Scooty
R15 V3 ABS 123 LOT SUPER FRESH ☎️ 9813296721,285000,,,Manual,,2020,,,155,Petrol,,Sport
Honda Unicorn 160cc fully fresh 82 lot 9803656430,110000,,,Automatic,,2017,,45,160,Petrol,30000,Standard
Hero pleasure Fully fresh 63 lot 9803656430,60000,,,Automatic,,2015,,45+,,Petrol,,Standard
Honda Aviator Super fresh 73 lot 9803656430,90000,,,Automatic,,2017,,45,,Petrol,,Scooty
90 lot 150 pulsar,125000,7 years,no,Automatic,black/red,2017,single disc,45,150,Petrol,56000,Standard
102 lot Royal Enfield Thunderbird X 350,345000,7 years,no,Automatic,red,2018,fresh condition,30,350,Petrol,23950,Standard
Ktm Rc 390,220000,,,Manual,White,2016,,22,390,Petrol,48000,Sport
Royal Enfield Classic 350 Bullet 2015 last Model,350000,Office and home ,100 %,Automatic,Blue ,2015 ,,35,350,Petrol,28000,Cruiser
R15 V3 023 Lot 2020 Model Price Only 285k,285000,,,Manual,Blue,2020,,,155,Petrol,19000,Sport
Aviator,105000,,,Automatic,,2015,,,,Petrol,,Scooty
Rm 250,430000,Dirt,,Manual,Black and red chrome,2018,,22,250,Petrol,11000,Dirt
Single Hand Used Bike On Urgent Sale,197000,,,Automatic,Red,2018,,30,230,Petrol,12000,Standard
Apache RTR 200   Lot 037,265000,,,Manual,Black & Red ,2022 AD ,,,200 ,Petrol,,Sport
Pulsar150 Like New 120 Lot,155000,,,Manual,,2020,,45,150,Petrol,,Standard
NTORQ 125CC RACE EDITION 120 LOT ✅ 9813296721,165000,,,Automatic,,2020,,,125,Petrol,,Scooty
FASCINO FI 125cc 118 LOT ✅ 9813296721,135000,,,Automatic,,2020,,,125,Petrol,,Scooty
APRILLIA SR 150cc abs 118 LOT ✅ 9813296721,145000,,,Automatic,,2020,,,150,Petrol,,Scooty
APRILLIA SR 150cc 105 LOT ✅ 9813296721,135000,,,Automatic,,2019,,,150,Petrol,,Scooty
Duke 200  155 lot  3K Km run  Urgent sell,535000,,Yes,Manual,Gray and Orange,2024,,35,200,Petrol,3150,Sport
Aprilla Sr 150 105lot,138000,,,Automatic,,2019,,,,Petrol,,Scooty
Aprilla Sr 150 Abs 118lot (single Hand),148000,,,Automatic,,2020,,,,Petrol,,Scooty
Yamaha Fascino 118lot (Single Hand),138000,,,Automatic,,2020,,,,Petrol,,Scooty
KTM Duke 200  Only 3250KM RUNNING 2024 Model,525000,Personal,Available,Manual,Grey and orange,2024,6 transmission gear. Great milage. Great pick up. Servicing d one timely. Warranty one engine. Coated plus laminated on body kits.,35,200,Petrol,3100,Sport
Honda Activa 125,100000,,,Automatic,Black,2015,,35,125,Petrol,26000,Scooty
MT-15 V3 Bs6 058 Lot Run 5000km,484000,,,Automatic,Black,2025,,50,155,Petrol,5000,Sport
Pulser NS 160 ABS  Red,195000,Personal,,Automatic,Red ,2019,ABS,,160,Petrol,,Standard
fzs v2 urgent sell 141 lot,264000,,,Manual,,2022,,55,150,Petrol,,Standard
super splender bike,139000,office,,Manual,black,2021,special for pathawo ride,51,125,Petrol,30000,Standard
crossfire Hj250 dark edition on sale,396000,,,Manual,orange black,2021,,25,250,Petrol,16000,Dirt
Bajaj Domin250 - 2021 model sealed pack engine,285000,,,Manual,Red,2021,ABS Braking / Slippery clutch,35,250,Petrol,40000,Cruiser
yahama fzs v3,260000,,,Manual,red,2022,,50over,149,Petrol,19000,Sport
Ns200 On Sale And Exchange 9813419539 Lot 94,140000,,,Manual,,2018,,,,Petrol,24000,Sport
Aprilla 106lot On Sale And Exchange 9813419539,125000,,,Manual,,2018,,,,Petrol,,Scooty
Avenger 150 (can exchange with fresh scooter),150000,,,Manual,maroon red,2017,,,150,Petrol,16000,Standard
fresh condition 76 lot honda dio on sale,108000,,,Manual,,2016,,,110,Petrol,,Scooty
super fresh 96 lot suzuki gizzer SF on sale,117000,,,Manual,,2017,,,155,Petrol,,Sport
DIRT BIKE / GR7 on SALE,245000,,,Manual,Silver & Yellow,2019,,25-27,250,Petrol,12000,Standard
YAMAHA MT15 V2  056 LOT BIKE ON URGENT SALE,480,6 months ,Available ,Manual,Silver ,2028,Like new condition ,45,155,Petrol,7700,Sport
Yamaha R15 V3 023lot,285000,,,Manual,,2020,,,,Petrol,,Standard
TVS Ntorq scooty . 2022 model,175000,4 years,6 months,Automatic,black grey,2021,Mobile connectivity and many more,40,125,Petrol,39500,Scooty
Bajaj Pulsar 220f (62 lot),106000,,,Manual,,2014,,,220,Petrol,,Standard
pulsar 220f 87 lot on sell ‼️💥,145000,,,Manual,,2017,,,220,Petrol,,Standard
Urgent sale 220.. ,126000,9yrs,No warranty ,Automatic,Black n white ,2015 last,,35+,220,Petrol,,Standard
76 lot vespa SXL model On sale,95000,,,Automatic,Orange ,2016,,,,Petrol,,Scooty
Unicorn ,56000,office ,1 year ,Manual,black ,2010,,45,150,Petrol,,Sport
TVs Apache 200 4v Abs 038 Lot,192000,,,Automatic,Black,2022,,353,200,Petrol,22000,Sport
Ns 200 Abs 021 Lot,192000,,,Automatic,Black,2020,,30,200,Petrol,35000,Sport
Honda Cb Unicorn 160cc 82 Lot,100000,,,Automatic,,2017,,45,160,Petrol,30000,Sport
Pleasure 63 Lot 2015 Model,62000,,,Automatic,White,2015,,40,110,Petrol,40000,Scooty
Honda Aviator 73 Lot,94000,,,Automatic,Black,2016,,43,110,Petrol,3400,Scooty
Yamaha Bike R1 V1,90000,One hand ,,Manual,Red and white,2017,,,150,Petrol,,Sport
Bajaj Pulsar 220f (74 lot),124000,,,Manual,,2016,,,220,Petrol,,Standard
Yamaha FZ-S V2 (121 lot),206000,,,Manual,,2020,,,,Petrol,16000,Standard
Bajaj avenger 180 (105 lot),148000,,,Manual,,2019,,,180,Petrol,16000,Standard
Mt15 Bs6,380000,almost 2 year,,Manual,black and white( ice fluo ) with neon green rims.,2022,apollo tyres,45,155,Petrol,31000,Sport
Mt15 Bs6,380000,1 year,,Manual,white ( ice fluo ) with neon green rims ,2022,,45,155,Petrol,31000,Sport
Honda NX200,450000,,,Manual,red,2024,,,200,Petrol,4280,Sport
Cbr 250r for sale,200000,,,Manual,Red and black,2013,,,250,Petrol,21930,Sport
Bullet 500cc,299999,,,Automatic,Green ,2016,Electric start,25,500,Petrol,30000,Standard
AVIATOR 73 LOT   9813296721,95000,,,Automatic,,2016,,,110,Petrol,,Scooty
PLEASURE 110cc 63 LOT   9813296721,65000,,,Automatic,,2014,,,110,Petrol,,Scooty
UNICORN CB 160 82 LOT SINGLE HAND   9813296721,105000,,,Manual,,2016,,,160,Petrol,,Standard
NS 200 ABS 121 LOT   9813296721,195000,,,Manual,,2020,,,200,Petrol,,Standard
Glamor Fi 036lot,157000,,,Manual,,2022,,,,Petrol,,Standard
cb 100 hero honda,80000,,,Manual,Red,1990,,,100,Petrol,,Standard
Dio Scooter Urgent Sale,185000,,,Automatic,Red,2021,,,110,Petrol,19123,Scooty
Xpulse4v,300000,,,Manual,,2022,,,,Petrol,,Dirt
Need  Duke250,300000,,,Manual,Any colour ,2020,,,250,Petrol,Thikka kudeko model anusar,Sport
Pulsar 150 Single Disk Is For Sale,107000,6 years,Check time warranty,Automatic,Brinjal,2017,All,35,150,Petrol,25000,Standard
BIKE FOR SALE - HONDA TWISTER,85000,10 years,No warranty,Manual,Black,2015,The all factory given features work well,35,110,Petrol,20000,Standard
Scooter on sale,40000,,,Manual,Blue,2065 ,,,,Petrol,0,Scooty
honda Dio 144 lot fresh ,200000,2.5 yrs,company warranty,Automatic,orange,2023,,,109,Petrol,10877,Scooty
OLD MODEL HONDA DIO(FIXED PRICE WITH OFFER),59999,14 years,No Warrenty,Manual,Blue Black,2011,Both Tyre bran new pass insurance half helmet 83 tax ,40,109,Petrol,36098,Scooty
CRF 250,1500000,,,Automatic,,2019,,35,250,Petrol,24000,Dirt
BAJAJ DOMINAR 400CC MODEL:2024📞9851448760,480000,,,Manual,Green ,2024,,2p,400CC ,Petrol,12k,Sport
Aprilia Sr 150,210000,2 years,,Automatic,Black ,2023,150cc powerful single-cylinder engine 	•	Automatic CVT transmission (no gear shifting) 	•	Front disc & rear drum brakes for better control 	•	14-inch alloy wheels with wide tubeless tyres 	•	Sporty Italian design with dual headlamps 	•	Digital-analogue instrument cluster 	•	Comfortable seat and good storage space 	•	Excellent road grip and handling 	•	Mileage around 35–40 km/l (depends on riding),25,150,Petrol,13000,Scooty
Honda CBR 250R on Sell,245000,,,Manual,Black ,2016,,,249,Petrol,47 000 +,Sport
Bike rental,700,,,Automatic,,2015,,,,Petrol,,Standard
Aprila SR 150cc 032lot,158000,,,Manual,,2021,,,,Petrol,,Scooty
Pulsar 150 Bike for sell,110000,Office,,Manual,White+black,2016,Good condition ,40,149,Petrol,60000,Standard
Bajaj N200 fi abs,225000,official use,,Manual,white,2021,,35,200,Petrol,26000,Sport
Jawa 42 118 Lot 300cc Sell And Exchange,280000,,,Manual,,2020,,,,Petrol,,Standard
Fz V1 51 Lot Super Fresh Condition Sell And Exchan,82000,,,Manual,,2012,,,,Petrol,,Sport
Apache Rtr 160 99 Lot Super Fresh Condition,135000,,,Manual,,2018,,,,Petrol,,Sport
URGENT FOR SALE TARO 200,235000,,,Manual,Red,2022,CONTACT NO?? 9860060409/9801059409 GOLDEN OPPORTUNITY GUYS  INTERESTED BUYERS DIRECT CALL OR SMS ME FOR MORE DETAILS  TARO 200 SPORTS  142 LOT 2022 MODEL SINGAL HANDED  PRICE. 245000 EXCHANGE ALSO AVAILABLE **  TAX UPTO 082/83 AVAILABLE XA  3800/-ONLY RUNNING VAYAKO XA BIKE VARKHAR SHOWROOM BATA LIYAKO JASTO XA SINGAL SCRATCH NI  XAINA FULLY FRESH CONDITION MA XA BIKE AAYARA TEST RIDE GARERA RAMARI HERNUS HAAI NO JPT COMMENT LINE VAYA MATRA CALL GARNU HOS LOCATION TEKU KATHMANDU BUS,35,200,Petrol,3800,Sport
Fz v2 80Lot super fresh condition 9813296721,133000,,,Manual,,2016,,,150,Petrol,,Scooty
Hero glamour 107Lot bike 9813296721,85000,,,Manual,,2018,,,125,Petrol,,Standard
Honda activa 88Lot fresh condition 9813296721,85000,,,Automatic,,2017,,,125,Petrol,,Scooty
Fz v3 abs 133Lot single hand bike 9813296721,235000,,,Manual,grey,2021,,,150,Petrol,,Standard
Duke 200 bs4 89Lot bike ✅ 9813296721,255000,,,Manual,,2017,,,200,Petrol,,Sport
Yamaha Fascino 77Lot 2016 model 9745326273,75000,,,Automatic,,2016,,,,Petrol,,Scooty
Aprilia sr125 031Lot 2021 Last model 9745326273,165000,,,Automatic,,2021,,,,Petrol,,Scooty
Tvs Ntroq 130Lot 2021 Last Model 9745326273,155000,,,Manual,,2021,,,,Petrol,,Scooty
Aprilia sr150 88Lot 2017 Model 9745326273,115000,,,Automatic,,2017,,,,Petrol,,Scooty
Avenger 160 Bajaj,152000,Home and Office,,Automatic,Black,2020,,42,160,Petrol,60200,Cruiser
Bike On Sell,415000,2 years ,,Manual,Halcyon Black ,2023,,30,350,Petrol,25000,Standard
Tvs Raedon On Sale,114999,4 years,on engine,Manual,white,2021,alloy wheels led light etc,55,110,Petrol,15000,Standard
Cx 250 (2023 Model) On sale,580000,,,Manual,Red and black,2023,,,250,Petrol,,Dirt
Dominar 250 Full Fresh Condition,350000,,,Automatic,,2023,,,250 cc ,Petrol,17500,Sport
Fz-v3 ekdam perfect condition mha xw yamhha ,205000,,,Automatic,Navy blue ,2019,Best breaking  fi system ,45 km ,150,Petrol,60000,Sport
Honda dio 50 lot on sale,53000,,,Automatic,Black,2010,,30,109,Petrol,49000,Scooty
Ntorq125 Fi 2021 Model Super Fresh Condition Onsel,198000,,,Manual,,2021,,,125,Petrol,22000,Scooty
Ntorq 125 Fi 2021 Last Model 133 Lot Onsell,198,,,Manual,,2021,,,125,Petrol,22000,Scooty
Aprila SR 150 90lot,120000,,,Manual,,2017,,,,Petrol,,Scooty
honda grazia 125cc 121Lot scooter ✅ 9813296721,165000,,,Automatic,,2020,,,125,Petrol,,Scooty
Aprillia sr 150 117Lot scooter ✅ 9813296721,155000,,,Automatic,,2020,,,150,Petrol,,Scooty
Honda Dio 50Lot old model ✅ 9813296721,52000,,,Automatic,,2012,,,110,Petrol,,Scooty
Apache rtr 160 99Lot bike ✅ 9813296721,135000,,,Manual,red,2018,,,160,Petrol,,Standard
hero iSmart 63Lot bike ✅ 9813296721,63000,,,Manual,,2014,,,125,Hybrid,,Standard
Fascino 125cc fi 115Lot scooter ✅ 9813296721,125000,,,Automatic,,2020,,,125,Petrol,,Scooty
Ntorq 125cc 130Lot scooter ✅ 9813296721,155000,,,Automatic,grey,2021,,,125,Petrol,,Scooty
Fascino 77Lot scooter ✅ 9813296721,75000,,,Automatic,,2016,,,110,Petrol,,Scooty
Ray Zr 76Lot scooter ✅ 9813296721,85000,,,Automatic,,2016,,,113,Petrol,,Scooty
aprillia sr 150cc 88Lot scooter ✅ 9813296721,115000,,,Automatic,,2017,,,150,Petrol,,Scooty
88 lot vr 150 on sale,137000,,,Manual,,2017,,,,Petrol,,Standard
34 lot shine on sale,69000,,,Manual,,2009,,,,Petrol,,Standard
Pulsar 150 46 lot,80000,,,Manual,Black&red,2010,,40,150,Petrol,,Standard
35 lot cbz on sale,59000,,,Manual,,2009,,,,Petrol,,Standard
79 lot splonder 100cc on sale,83000,,,Manual,,2016,,,,Petrol,,Standard
68 Lot R15 v2 on sale,104000,,,Manual,,2015,,,,Petrol,,Standard
RayZr 78Lot scooter ✅ 9813296721,75000,,,Automatic,,2016,,,113,Petrol,,Scooty
honda shine 57Lot bike ✅ 9813296721,85000,,,Manual,,2013,,,125,Petrol,,Standard
Aprillia sr 125 131Lot scooter ✅ 9813296721,165000,,,Automatic,,2021,,,125,Petrol,,Scooty
Ns 160 abs 132Lot bike ✅ 9813296721,185000,,,Manual,,2021,,,160,Petrol,,Standard
Himalayan 411,380000,,,Manual,White ,2018,,,411,Petrol,,Dirt
Only 11000 KM run RS 200 for sale,205000,,,Manual,Yellow,2013,,32,200,Petrol,11000,Sport
TVS Apache RTR 200 4V BS6 (FI + ABS) urgent sell,275000,home to office,,Manual,red,2022,ABS  GTT TECHNOLOGY ,40,200,Petrol,17900,Sport
YAMAHA FASCINO(FIXED PRICE WITH OFFER),115999,6 years,No warrenty,Manual,Grey Black,2019,Double colour pass kharcha pass insurance half helmet,35,109,Petrol,45000,Scooty
Aviator 127 Lot(single Hand),158000,,,Automatic,,2021,,,,Petrol,,Scooty
dominar 250  on sell,375000,,,Manual,black and silver,2023,,25,250,Petrol,17000,Others
Aviator Scooter Single Handed,145000,,,Automatic,,2017,,35,110,Petrol,25000,Scooty
Super Fresh Condition Dio Urgent Sell,95000,,,Automatic,white,2015,Varkahr engine bayako babal contion ma xa,40,110,Petrol,37000,Scooty
Aviator 127Lot scooter ✅ 9813296721,155000,,,Automatic,,2021,,,110,Petrol,,Scooty
pulsar 220f abs 124Lot bike ✅ 9813296721,225000,,,Manual,,2021,,,220,Petrol,,Standard
Xpulse 200T Fresh & single handed. Model 2022,225000,3 plus year,Non,Manual,Red,2022,,38,199,Petrol,15500,Standard
RTR200 FI ABS,225000,,,Automatic,,2021,,,,Petrol,,Sport
TVS Raider,175000,,,Automatic,,2022,,,,Petrol,,Sport
Honda Grazia,169000,,,Automatic,,2020,,,125,Petrol,,Scooty
RTR 160,165000,,,Automatic,,2021,,,160,Petrol,,Sport
Honda Aviator,110000,,,Automatic,,2016,,,,Petrol,,Scooty
Honda Shine,99000,,,Automatic,,2013,,,,Petrol,,Standard
Honda Grazia,169000,,,Automatic,,2020,,,125,Petrol,,Scooty
Honda uniqon,159000,,,Automatic,,2020,,,,Petrol,,Standard
Honda Dio,140000,,,Automatic,,2017,,,,Petrol,,Scooty
hero destini,95000,,,Manual,chocolate,2019,,,125,Petrol,,Scooty
Aprilla Sr 150cc,130000,,,Manual,blAck,2018,,35,150,Petrol,22000,Scooty
ATHER 450x,350000,1+year,company,Automatic,space gray,2024,single handed,110,,Electric,9500,Scooty
Mt 15 2019 model for sale,278000,,,Manual,Full black,2019 ,Fi abs,40 ,155,Petrol,30000,Sport
Aprila SR 150cc 95lot,130000,,,Manual,,2018,,,,Petrol,,Scooty
Crf250L Honda 7900 Km Run with accessories,1450000,,,Manual,red,2018,abs ,18,250,Petrol,6900,Dirt
Low Price Motorcycle,175000,5 years,no,Manual,green,2017,fuel injected ecu controlled,22,397.3,Petrol,20000+,Standard
150 pulsar 78 lot ko good condition ,102000,,,Manual,Red black,2016 last model,,45,150,Petrol,39624,Standard
aviator 83 lot on sale,102222,,,Automatic,Red,102000,,36,109,Petrol,29000,Others
Vespa SXL 2016 LOT,145000,,,Automatic,Maroon Matte,2016,,,150,Petrol,46000,Scooty
ktm adv 250 for sale,495000,4,,Automatic,black n orange ,2021,,25,250,Petrol,24000,Dirt
Raider bike on sell,165000,office,no,Manual,red,2022,no,50,125,Petrol,23560,Others
Yamaha Rayzr 125 Fi,200000,,,Automatic,Blue,2022,,,125,Petrol,35k,Scooty
pulsar 150 035lot,185000,,,Manual,,2022,,,,Petrol,,Standard
Honda shine on sell personal bike,165000,personal,6 month engine guarantee,Manual,blue,2019,,55,125,Petrol,21000,Standard
220 pulsar ,150000,Official purpose,,Manual,Red Black ??,2017,,30-35,220,Petrol,50 to 60 km,Sport
Discover 125 ST,2850,Discover 125cc,No warranty ,Manual,,2012,,,,Petrol,,Standard
Sell 220 F,235000,Office ,No,Manual,Red black ,2020,Abs,30+,220,Petrol,33000,Standard
Suzuki Gixxer,115000,,,Manual,,2017,,,155,Petrol,,Others
Yamaha Ray ZR 125 Fi Street Rally,230000,,,Automatic,Blue,2022,,55,125,Petrol,16000,Scooty
Bullet Electra 350 2010 Model,279999,,,Manual,,2010,,40,,Petrol,,Standard
Tvs raider 041 lot  single hand urgent,185000,,,Manual,,0,,,,Petrol,,Standard
Yamaha Single hand fresh condition pass hunxa,39000,,,Manual,,0,,,,Petrol,,Standard
honda aviator 73lot,98000,,,Automatic,,2016,,,,Petrol,,Scooty
ns 200 abs on sell,215000,,,Manual,grey,2021,,30,200,Petrol,33000,Standard
Beneli 150i in sale,130000,,,Manual,White,2020,,,150,Petrol,3320,Others
Pulsar 220f,185000,,,Manual,Red black,2017,Disk brake ,40,220,Petrol,22000,Standard
Crf 2017 ,1250000,Personal purpose travelling,N/A,Manual,Red,2017,Abs ,28,249,Petrol,36000,Dirt
132 LOT FRESH YAMAHA V3 ON SALE!,230000,3,No,Manual,NAVY BLUE,2021,ABS BRAKING. SUPER FRESH.,50,150,Petrol,28000,Standard
saluto 125 cc yamaha onsale,80000,,,Manual,black,2016,,,128,Petrol,,Scooty
Honda shine CB 81 lot urgent sale,125000,Office,,Manual,Black,2016,,50,125,Petrol,26000,Standard
Mt15 v2 deluxe 2025 model 056 lot,515000,,,Manual,white red,2025,,,155,Petrol,1800,Sport
220f,225,,6,Manual,,2021,,35,220,Petrol,52000,Standard
Niu N series,200000,,,Automatic,,2022,,,,Electric,,Scooty
2022 model pulsar 150 TD on sell,165999,Office,No,Manual,Black and Red,2022,TD,45,150,Petrol,13000,Standard
Ktm 390 Adventure 2021,600000,3 years,no,Manual,white,2021,,25-30,373,Petrol,37000,Others
DUKE 200 BS6,450000,,,Automatic,orange,2024,FI,,200,Petrol,11000,Sport
aprilia storm 107lot,130,,,Automatic,,2019,,,,Petrol,,Scooty
2024 model 148lot bajaj pulsar 150cc,245000,15 months,4 years,Manual,Black sparkle red ,2024,Double disk brake  stand alert  new model digital display,40,150,Petrol,12500,Sport
Yamaha RayZR 125 Fi Hybrid,305000,,,Automatic,,2024,,,,Petrol,,Scooty
Kawasaki Ninja 650,1400000,,,Manual,Green,2013,,16,650,Petrol,15500,Sport
URGENT SALE PULSAR 150TD,195000,CITY,,Automatic,RED,2021,,40,150,Petrol,34000,Sport
Yamaha YZF R3 ,699999,,,Manual,Blue,2017,,25,321,Petrol,26000,Sport
Bajaj Pulsar 150 Urgent Sell,100000,,,Manual,Blue,2014,Good condition ,88628,150,Petrol,40,Standard
Crossfire GR7 on perfect condition !,360000,Official ride,,Manual,White and yellow ,2019,Smooth and with good power ,18 ,250,Petrol,7500 km ,Dirt
BAJAJ AS200,80000,Home to office ,2yrs,Manual,Red,2015,,30,200,Petrol,40000 above,Sport
Cbz  extreme bike sales good condition ,40000,Few years,No,Manual,Black,2010,,45,150cc,Petrol,60k,Others
Rtr 1604v single hand,170000,,,Automatic,Red,2022,,37,160,Petrol,20000,Sport
RTR 200 4V Fi ABS 2021 Model single Hand for sale,205000,Personal use ,No,Manual,Red black,2021,Fi abs smart connect ,40,199,Petrol,29000,Sport
CBZ2010(single hand),80000,Personal,No,Automatic,Black&Red,2010,,40,150,Petrol,74000,Standard
"Brand New Rtr 160 4v Fi Abs Bs6 
062Lot 9843645282",340000,,,Manual,Black,2024,,,160,Petrol,1,Sport
Apache 200 FI++ABS urgent Sale ‼️‼️,245000,,,Manual,Blue ,2022,Fi,40,200,Petrol,20126,Standard
Ntorq 125 - Race edition,155000,City rides,,Automatic,Black & Red,2019,Petrol scooter  front disc rear drum brakes,24,125,Petrol,29000,Scooty
🏮HONDA ACTIVA 125 DISC,114999,,,Manual,Grey,2018,"???? ????? ??? ?????? ??? ?????? ????? ?? 
?) Disc ?? ?? 
?) Mileage ???? ?????? ? 
?) Metal body  
?) Digital meter  
?) Telescope suspension.",40,125,Petrol,36000,Scooty
Bajaj Ns 200,125000,,,Manual,Black,2017,,35,,Petrol,44500,Standard
Yamaha Facino 77 Lot 2016 Model On Sell,70,,,Manual,,2017,,,,Petrol,,Scooty
Tvs Ntorq 125 Fi 2021 Last Model 133 Lot On Sell,208000,,,Manual,,2021,,,125,Petrol,21000,Scooty
Crossfire Hj250,400000,,,Manual,,2021,,,,Petrol,,Dirt
Duke 200 Bs6 2021 Model Urgent Sell,375000,,,Manual,White and Black,2021,,35,200,Petrol,24000,Sport
TVS Apache RTR 200 4V (Single Hand)- 9814915091,210000,,,Automatic,,2019,,,200,Petrol,,Sport
Vintage bike Yamaha lebro Tax all cler 9803656430,40000,,,Automatic,,2007,,45++,,Petrol,,Standard
Sport bike Suzuki Gixxer 71 lot 9803656430,80000,,,Automatic,Black,2016 ,,45+,150,Petrol,32000,Sport
Tvs Apache 160cc fully fresh 99 lot 9803656430,130000,,,Automatic,,2018 last,,35+,,Petrol,,Standard
Hero splendor ismart 63 lot fully fres 9803656430,60000,,,Automatic,,2015 last,,45+,,Petrol,,Standard
Fully fresh Yamaha Fascino 77 lot 9803656430,70000,,,Automatic,,2016 last,,45,,Petrol,,Scooty
Yamaha RayZr Fully fresh 76 lot 9803656430,80000,,,Automatic,,2016,,45,,Petrol,,Scooty
Tvs Ntroq 125cc Fully fresh 130 lot 9803656430,150000,,,Automatic,,2021 last,,40,,Petrol,,Scooty
Honda Dio Dx like New 112 Lot 9803656430,150000,,,Automatic,,2019,,45,,Petrol,,Scooty
Ducati Scrambler Icon 803,1800000,,,Manual,Red ,2016,ABs,,803,Petrol,5700,Standard
Vespa Scooter VXL-125,141000,,,Automatic,Azuro,2018,,,125,Petrol,25178,Scooty
Old bullet on sell,350000,personal used,6months,Manual,black and silver,2007,,30,350,Petrol,32000,Cruiser
Duke 200 BS4 2018 Model,335000,,,Manual,White ,2018,,30,200,Petrol,15000,Sport
Benelli Panarea 125,274999,,,Automatic,,2022,,,,Petrol,,Scooty
Segway E125 Electric Scooter,310000,Own riding purpose ,As per company given,Automatic,Black,2023,On a single charge it can take a person up to 80-90 kms.,85,125,Electric,6000,Scooty
For Sale: Honda CB 350 H’ness (2021 Model),550000,,,Automatic,black,2020,,25/30,350,Petrol,26000,Cruiser
013 Lot TVS Apache Rtr 200 4v Bike Like New,168000,,,Automatic,Grey,2019,,35,200,Petrol,37000,Standard
SINGLE HANDED YBX125 (FIXED PRICE WITH OFFER),49999,24 years,No Warrenty,Manual,Red,2001,SINGLE HANDED SEAL PACKED ENGINE ORIGINAL COLOUR PASS INSURANCE 83 TAX HALF HELMET BIKE COVER,45,125,Petrol,24900,Standard
Mt 15 bs6 13500km run 053 lot 2024 model on sale ,465000,8 months,One service free,Manual,Black and blue ,2024,,45-50,155,Petrol,13330,Sport
Electric Scooty tailg on sale,90000,,,Manual,gray,2024,,,2500,Electric,,Standard
pleasure scooter,44999,,,Manual,black and red,2011,,,,Petrol,,Scooty
Yahama Facino 94 Lot Sale Or Exchange,109000,3 yeras,,Manual,Blue,2017,Self,50,125,Petrol,31000,Scooty
Hero Super Splendor 72 Lot Sale Or Exchange,98000,3 years,,Manual,Blue black,2016,Self ,50,125,Petrol,32000,Standard
Beneli 150,99000,3,No,Automatic,Red,2018,All,45,150,Petrol,777,Standard
Yamaha Saluto Single Hand,84000,1,No,Automatic,Blue ,2016,All,45,125,Petrol,33333,Scooty
Bajaj Pulsar 150cc 79 Lot Sale Or Exchange,125000,4 yeras,,Manual,Blue black,2016,Self ,45,150,Petrol,29000,Standard
Yahama R15 V1 79 Lot Sale Or Exchange,129000,3 years,,Manual,Red white,2016,Fi,50,150,Petrol,22000,Standard
Tvs Nrorque Disk Break 107 Lot Sale Or Exchange,145000,3 yeras ,,Manual,Red,2019,Disk break,40,125,Petrol,21000,Scooty
Bajaj Pulsar 150cc 91 Lot Sale Or Exchange,135000,4 yeras,,Manual,Black,2017,Self ,45,150,Petrol,33000,Standard
Yahama Alba 125cc 30 Lot Sale Or Exchange,50000,3 years,,Manual,Blue,2008,Self ,45,125,Petrol,39000,Standard
Tvs Appachi 160 4v 133 Lot Sale Or Exchange,198000,3 yeras,,Manual,Blue,2021,Self ,40,160,Petrol,32000,Standard
Honda Xr 190,450,,,Manual,,2019,,,190,Petrol,,Sport
220 for sale ,130000,1 yr ,,Manual,Blue black ,2017,,35,220,Petrol,36000,Standard
Ns 200 sale ,205000,6 mnt,,Manual,Black ,2000,,35,200,Petrol,23000,Standard
Bullet Reborn On Sale,435000,2 year,Company claim,Manual,Halycon green,2023,,30,350,Petrol,18000,Cruiser
Yamaha  Ray-Zr Really 130 Lots Sale/Xchange,205900,1 year,As Company Rules ,Automatic,Green/black,2021,Hey ?? Guys I have Yamaha Ray-Zr 130 lots Green/black Colors Scrooty Superfresh Condition Ma 6 As Showroom Not a Single Scratch Run km is Only  18k You Can See Orginal photos Also if you Want To Buy/Xchange Plz ?? ?? ?? Call/Reply Us 9851205105/9861024681 For Details You Can Search in Google/Facebook/TikTok/Youtube/WhatsApp Prakrish Enterprises sorakhute Prakrish Chwok Puspalal Marga Kaldhara Khasbu Linkroad 17 We Are Open Sunday-Friday 9:30Am-6:30Pm,45,125,Petrol,18000,Scooty
Ntorq Race Edition 2023 Model,200000,,,Automatic,Red,2023,,,,Petrol,23000,Scooty
Yamaha saluto 117 lot sale ma,99000,,,Automatic,Green,2020,,45,125,Petrol,22000,Standard
"Super Duke 390cc 
96 Lot 9843645282",455000,,,Manual,,2018,,,,Petrol,,Sport
"R15v3 
022 Lot 9843645282",318000,,,Manual,,2021,,,,Petrol,,Sport
Hero Glamour ,125000,3 years,,Manual,Red,2021,i3s  front disk brake  ibs,55+,125,Petrol,11500,Sport
125 Lot 2021 Model One Hand Yamaha FZ-S Version3.0,228000,,,Manual,Matt Black,2021,,45,150,Petrol,19000,Standard
radeon 110 bs6 fi,200000,,,Manual,black,2025,,75,110,Petrol,100,Standard
Pulsar 150 TD,220000,,,Manual,black n red,2022,,,150,Petrol,19000,Standard
thunderbird 350 sale or exchange,425000,,,Manual,white ,2020,,,350,Petrol,17000,Cruiser
fz v1 sale or exchange,110000,,,Manual,,2016,,45,,Petrol,,Sport
Honda Unicorn sale or exchange !!,110000,,,Manual,,2016,,,,Petrol,,Standard
Royal Enfield Himalayan Sale,300000,,,Manual,Black,2017,,28,411,Petrol,60000,Others
123 lot dio dx,173000,4 years,yes,Automatic,blue/white,2021,fresh condition,40,110,Petrol,27000,Scooty
fz 250 sale or exchange !,190000,,,Manual,blue ,2017,,40,250,Petrol,39000,Sport
Ntorq Xp,245000,,,Manual,Red & Silver,2023,,45,125,Petrol,19000,Scooty
Honda Aviator,130000,,,Manual,Grey,2018,,40,110,Petrol,29000,Scooty
Aprilla 150cc 88 Lot 2017 Model 9823657076,119000,,,Manual,,2017,,,,Petrol,,Standard
Pulsar 150cc 97 Lot 2018 Model 9823657076,137000,,,Manual,,2018,,,,Petrol,,Standard
Pulsar 220,135000,,,Manual,Red & Black,2016,,40,220,Petrol,31000,Sport
The 2017 Yamaha YZF-R3 is a popular sport bike kno,580000,Ride,No ,Manual,Black ,2017,,22,321,Petrol,22k,Sport
Mt 053 lot on sale,460000,,,Manual,white,2024,,50,155,Petrol,8000,Sport
Aprilia Sr 125cc 2022 Model 9823657076,167000,,,Manual,,2022,,,,Petrol,,Standard
Apache Rtr 160cc 106 Lot  Model 9823657076,147000,,,Manual,,2019,,,,Petrol,,Standard
Pulsar 150cc 83 Lot 2017 Model 9823657076,127000,,,Manual,,2017,,,,Petrol,,Standard
Honda Hornet 160cc 87 Lot 2017 Model 9823657076,127000,,,Manual,,2017,,,,Petrol,,Standard
Honda Unicorn 150cc 37 Lot 2013 Model 9823657076,67000,,,Manual,,2013,,,,Petrol,,Standard
Yamaha Fz V3 2021 Model 9823657076,227000,,,Manual,,2021,,,,Petrol,,Standard
Pulsar 150cc 97 Lot 2018 Model 9823657076,147000,,,Manual,,2018,,,,Petrol,,Standard
Honda Hornet 160cc 87 Lot 2017 Model 9823657076,127000,,,Manual,,2017,,,,Petrol,,Standard
Pulsar 150cc 83 Lot 2017 Model 9823657076,127000,,,Manual,,2017,,,,Petrol,,Standard
Apache Rtr 160cc 106 Lot 2019 Model 9823657076,147000,,,Manual,,2019,,,,Petrol,,Standard
Aprilla Sr 125cc 2022 Model 9823657076,167000,,,Manual,,2022,,,,Petrol,,Standard
FZ v2 sale or exhange,255000,,,Manual,army ,2021,,45,150,Petrol,22000,Sport
ns 400z sale or exchange,475000,,yes ,Manual,silver black ,2024,,30,400,Petrol,890,Sport
aprilia sr 125 sale or exchange,155000,,,Automatic,silver ,2021,,35,125,Petrol,14000,Scooty
Bs3 duke 200 lot 63 2014 last model price only210k,210000,,,Manual,black,2014,,,200,Petrol,,Sport
Tvs Ntorq XP 2024 model,247000,,,Automatic,,2024,,,125,Petrol,,Scooty
Fzs v2 2017 @150k,150,Official use,No ,Manual,Black,2017,Good perfomance,45,149,Petrol,54000,Standard
Vespa VXL Elegente 76 Lots Sale/Xchange,99900,4 years ,As Company Rules ,Automatic,Brown ,2016,Hey ?? Guys I have Vespa VXL Elegente lots Brown Colors Scrooty Superfresh Condition Ma 6 As Showroom Not a Single Scratch  Scrooty Single Handed Ho You Can See Orginal photos Also if you Want To Buy/Xchange Plz ?? ?? ?? Call/Reply Us 9851205105/9861024681 For Details You Can Search in Google/Facebook/TikTok/Youtube/WhatsApp Prakrish Enterprises sorakhute Prakrish Chwok Puspalal Marga Kaldhara Khasbu Linkroad 17 We Are Open Sunday-Friday 9:30Am-6:30Pm,30,125,Petrol,40000,Scooty
73 lot honda shine,110000,8/5 years,yes,Automatic,black,2016,fresh condition,50,125,Petrol,38000,Standard
R15 M,439999,Personal used,,Manual,Silver Blue,2022,,40,155,Petrol,,Sport
Scooter,170000,Personal,,Automatic,Blue,2021,,35,125,Petrol,24000,Scooty
Yahama Rayz 119 Lot Sale Or Ex,139000,2 years,,Manual,Blue,2020,Self ,50,125,Petrol,21000,Scooty
Hero pleasure (ba 41 lot),38000,13 yrs,No,Automatic,Black,2010,Standard,30,102,Petrol,25100 km,Standard
Pulsar 150 76lot Full Fresh,110000,,,Automatic,,2015,,45,150,Petrol,56000,Standard
Yamaha R15,125000,,,Manual,Red& White,2018,,45,150,Petrol,29000,Sport
Apache 160 | Tvs Apache,179000,,,Manual,Blue,2022,,45,160,Petrol,29000,Sport
Honda Shine,55000,,,Manual,Black,2010,,45,125,Petrol,38000,Sport
Pulsar | Pulsar 180,128000,,,Manual,Red & Black,2018,,38,180,Petrol,23000,Sport
Avenger 220 cruise,99000,,,Manual,Blue,2014,,35,220,Petrol,31000,Cruiser
Honda | Honda Unicorn,68000,,,Manual,Black,2011,,45,150,Petrol,38000,Sport
Avenger 220 cruise,98000,,,Manual,Blue,2014,,35,220,Petrol,31000,Cruiser
Hartford VR 150,105000,,,Manual,Red & White,2012,,35,150,Petrol,31000,Dirt
Fzs v2,155000,,,Manual,Army,2017,,40,150,Petrol,31000,Sport
Avenger 220,80000,,,Manual,Black,2011,,38,220,Petrol,39000,Cruiser
"CBR 250 On Sale 
Cn 9808069712",249999,Normally,No,Manual,Red,2015,Perfect ,30,250,Petrol,32800,Sport
Pulsar 150 67 Lot On Sell Best Condition,120000,,,Automatic,Black,2015,,42,150,Petrol,45000,Standard
"FZ V2 On Sale 
Cn 9808069712",239999,Normally used ,No,Manual,Black ,2022,Perfect ,45,150,Petrol,18000,Cruiser
"R15 V3 On Sale 
Cn 9808069712",279000,Normally used , O,Manual,Blue,2020,Perfect ,45,155,Petrol,33000,Sport
"Dominar 400 On Sale 
Cn 9808069712",215000,Normally used ,No,Manual,Purple ,2017,Perfect ,30,400,Petrol,25000,Cruiser
"Rtr 200 On Sale 
Cn 9808069712",199999,Normally used ,No,Manual,White ,2021,Perfect ,30,200,Petrol,21000,Cruiser
"Ns 200 On Sale 
Cn 9808069712",239999,Personal ,No,Manual,Grey,2022,Perfect ,35,200,Petrol,31000,Cruiser
"Fascino On Sale 
Cn 9808069712",99000,Personal,No,Manual,Black ,2016,Perfect ,30,110,Petrol,36000,Scooty
"Duke 200 On Sale 
Cn 9808069712",225000,Normally used ,No,Manual,White ,2016,Perfect ,30,200,Petrol,26000,Cruiser
"Raider On Sale 
Cn 9808069712",199999,Personal,No,Manual,Black,2023,Perfect and new,50,125,Petrol,0,Cruiser
Dio Dx 128 Lot 2021 Model 9823657076,178000,,,Manual,,2021,,,,Petrol,,Standard
Street Ralley Zr 91 Lot 2017 Model 9823657076,108000,,,Manual,,2017,,,,Petrol,,Standard
Street Ralley Zr 110 Lot 2019 Model 9823657076,118000,,,Manual,,2019,,,,Petrol,,Standard
154 Lot 2024 Model Like New KTM DUKE 250 GEN 3,595000,,,Manual,Matt Blue,2024,,30,250,Petrol,12000,Standard
Foreign Country KO Visa lagako vayera urgent sale ,430000,1/2 years,Yes,Automatic,Helicon Green,2023,Fuel injection  Digital meters  Self start  Drum brakes Split seats etc......,35,350,Petrol,,Cruiser
Pulsar 150,79000,,,Manual,Black,2011,,45,150,Petrol,36000,Sport
Vespa 2016 model,98000,,,Manual,white,2016,luxury scooter,35,125,Petrol,,Scooty
YAMAHA FZ250,150000,,,Manual,Black,2078,Smooth,33,249,Petrol,40000,Standard
Yamaha fascino 77 Lots Sale/Xchange,73900,4 years ,As Company ,Automatic,Mat Blue ,2016,Hey ?? Guys I have Yamaha Fascino 77lots mat Blue Colors Scrooty Superfresh Condition Ma 6 As Showroom Run km is Only 27k You Can See Orginal photos Also if you Want To Buy/Xchange Plz ?? ?? ?? Call/Reply Us 9851205105/9861024681 For Details  You Can Search in Google/Facebook/TikTok/Youtube/WhatsApp Prakrish Enterprises sorakhute Prakrish Chwok Puspalal Marga Kaldhara Khasbu Linkroad 17 We Are Open Sunday-Friday 9:30Am-6:30Pm,35,110,Petrol,27000,Scooty
FZS 2019 Single Hand 35000km 9851144880,215000,,,Manual,Blue,2019,,,150,Petrol,35000,Standard
Duke 250,0,,,Manual,Black,2020,,,250,Petrol,21000,Others
Yamaha 125 Ray ZR Hybrid  Single Hand,260000,2 Yesrs,,Automatic,Blue Grey,2080,Auto start Digital Display board charger stand lock,58Km,125,Petrol,12000,Scooty
86 lot Royal Enfield Thunderbird 350,310000,9 years,yes,Automatic,black,2016,fresh condition,30,350,Petrol,26000,Standard
R15 V3,345000,,,Manual,,2021,,,,Petrol,28000,Sport
N 250,305000,,,Manual,black ,2022,,,250,Petrol,10000,Sport
NS 125 fi,220000,office ,,Manual,grey silver ,2024,,450,125,Petrol,7965,Sport
"Royal enfield classic 350 bullet Reborn
2023 model",465000,2 years,6 month engine warranty,Manual,Halcyon Green,2023,Excellent mileage great pickup fi abs,35,350,Petrol,14000,Standard
"Apache RTR 200 4V
2021 model for sale",205000,4 years,6 month engine ,Manual,white,2021,Excellent mileage double disc brake  great pickup,35,200,Petrol,30000,Sport
Tvs Appachi 1604v Abs 2021 Model Sale Or Ex 160 Lo,199000,2 yeara,,Manual,Red,2021,Self ,50,160,Petrol,22000,Standard
Tvs Appachi 1604v Abs 2021 Model Sale Or Ex 160 Lo,199000,2 yeara,,Manual,Red,2021,Self ,50,160,Petrol,22000,Standard
Suzuki Access 125cc 97 Lot 2018 Model 9823657076,98000,,,Manual,,2018,,,,Petrol,,Standard
Honda Dio 85 Lot 2017 Model 9823657076,123000,,,Manual,,2017,,,,Petrol,,Standard
Runner Hawk 200cc 111 Lot 2019 Model 9823657076,148000,,,Manual,,2019,,,,Petrol,,Standard
Rayz 97 Lot 2018 Model 9823657076,88000,,,Manual,,2018,,,,Petrol,,Standard
Suzuki Access 125cc 97 Lot 2018 model 9823657076,98000,,,Manual,,2018,,,,Petrol,,Standard
Classing 350 Reborn Bullet On Sale,445000,1.5 year,,Manual,Halycon green,2023,Recently changed both tyres of mrf  new chainsprocket  showroom serviced record history,32,350,Petrol,18000,Cruiser
Tvs Ntorque Race Xp 151 Lot Sale Or Exchange,269000,1 years,,Manual,Black red,2024,Fi,50,125,Petrol,12000,Scooty
Hero Destini 113 Lot 2019 Model 9823657076,108000,,,Manual,,2019,,,,Petrol,,Standard
Pulsar 150cc 134 Lot 2021 Model 9823657076,198000,,,Manual,,2021,,,,Petrol,,Standard
Yamaha R15 V3 2018 Model 9823657076,238000,,,Manual,,2018,,,,Petrol,,Standard
Vespa Vxl 024 Lot 2021 Model 9823657076,158000,,,Manual,,2021,,,,Petrol,,Standard
Pulsar 220f 115 Lot 2020 Model 9823657076,198000,,,Manual,,2020,,,,Petrol,,Standard
Ns 200cc 93 Lot 2017 Model 9823657076,138000,,,Manual,,2017,,,,Petrol,,Standard
Rayzr Street Rally 104 Lot 2019 Model 9823657076,117000,,,Manual,,2019,,,,Petrol,,Standard
Yamaha R15 V3 103 Lot 2018 Model 9823657076,235000,,,Manual,,2018,,,,Petrol,,Standard
Honda Shine,58000,,,Manual,Black,2010,,45,120,Petrol,,Sport
Pulsar 180,135000,,,Manual,Black & Red,2018,,40,180,Petrol,29000,Sport
Royal Enfield 500cc Bike for sale,385000,Personal ,No,Manual,Battle green,2017,Classic design  comfortable upright seat  steel body,25km per litre,500 cc,Petrol,26000 km,Standard
Discover 125st,142000,,,Manual,,2021,,,125,Petrol,15000,Standard
Honda Grazia 123 Lots Sale/Xchange,165900,1 years ,As Company Rules ,Automatic,Red ,2021,Hey ?? Guys I have Honda Grazia 123 lots Red Colors Scrooty Superfresh Condition Ma 6 As Showroom Not a Single Scratch Run km is Only  21k You Can See Orginal photos Also if you Want To Buy/Xchange Plz ?? ?? ?? Call/Reply Us 9851205105/9861024681 For Details  You Can Search in Google/Facebook/TikTok/Youtube/WhatsApp Prakrish Enterprises sorakhute Prakrish Chwok Puspalal Marga Kaldhara Khasbu Linkroad 17 We Are Open Sunday-Friday 9:30Am-6:30Pm,35,125,Petrol,21000,Scooty
Ducati hypermotard 2010,1799999,,,Manual,,2010,,,,Petrol,,Standard
Discover 125st 104 Lot 2018 Model 9823657076,108000,,,Manual,,2018,,,,Petrol,,Standard
Honda Xr 190l / XR190l 2022 model  lot 35,625000,,,Manual,,2022,,,190,Petrol,8100,Dirt
Vespa 125cc 119 Lot Sale Or Exchange,139000,2 yeras,,Manual,Red,2020,Self,35,125,Petrol,23000,Scooty
CROSS X SE 250,390000,,,Manual,yellow ,2017,,30,250,Petrol,12000,Dirt
duke 200 bs4 for sale or exchange,285000,,,Manual,black ,2017,,35,200,Petrol,,Sport
Ntroq 123 Lot 2021 Model 9823657076,168000,,,Manual,,2021,,,,Petrol,,Standard
Hero Glamour 125cc 135 Lot 2022 Model 9823657076,128000,,,Manual,,2022,,,,Petrol,,Standard
Bullet 350cc bs6 Fi 147 Lot 2023 Model 9823657076,438000,,,Manual,,2023,,,,Petrol,,Standard
Ntroq 123 Lot 2021 Model 9823657076,168000,,,Manual,,2021,,,,Petrol,,Standard
"Cx Se 250r 
040 Lot 9843645282",435000,,,Manual,Black,2021,,,250,Petrol,14000,Dirt
"Yamaha R15m 
038 Lot  9843645282",395000,,,Manual,,2022,,,,Petrol,,Sport
"Hero Honda Super Splendor 
36 Lot 9843645282",55000,,,Manual,,2007,,,,Petrol,,Standard
"Honda Dio
43 Lot 9843645282",50000,,,Manual,,2007,,,109,Petrol,35000,Scooty
"Honda Shine 
86 Lot  9843645282",125000,,,Manual,,2017,,,125,Petrol,,Standard
Aprilla Strom 125cc 2019 Model 9823657076,138000,,,Manual,,2019,,,,Petrol,,Standard
TVs Striker 125cc 98 Lot 2018 Model 9823657076,88000,,,Manual,,2018,,,,Petrol,,Standard
Apache Rtr 160cc 4v Fi Abs 2022 Model 9823657076,238000,,,Manual,,2022,,,,Petrol,,Standard
Pulsar 150td 99 Lot 2018 Model 9823657076,137000,,,Manual,,2018,,,,Petrol,,Standard
Pulsar 150td 99 Lot 2018 Model 9823657076,137000,,,Manual,,2018,,,,Petrol,,Standard
Pulsar 220f 107 Lot 2019 Model 9823657076,178000,,,Manual,,2019,,,,Petrol,,Standard
Pulsar 150cc Td 127 Lot 2021 Model 9823657076,168000,,,Manual,,2021,,,,Petrol,,Standard
Honda Cb Hornet 149 Lot 2023 Model 9823657076,248000,,,Manual,,2023,,,,Petrol,,Standard
Ntroq 140 Lot Fi Version 2022 Model 9823657076,227000,,,Manual,,2022,,,,Petrol,,Standard
Pulsar 220f 130 Lot 2021 Model 9823657076,248000,,,Manual,,2021,,,,Petrol,,Standard
Pulsar 220f 107 Lot 2019 Model 9823657076,178000,,,Manual,,2019,,,,Petrol,,Standard
Pulsar 150cc Td 127 Lot 2021 Model 9823657076,168000,,,Manual,,2021,,,,Petrol,,Standard
Moterhead Takken 250cc 95 Lot 9823657076,128000,,,Manual,,2018,,,,Petrol,,Standard
Ns 200cc Fi Abs 115 Lot 2020 Model 9823657076,197000,,,Manual,,2020,,,,Petrol,,Standard
Ns 200cc Fi Abs 115 Lot 2020 Model 9823657076,197000,,,Manual,,2020,,,,Petrol,,Standard
Jawa Classic 118 Lot 2020 Model 9823657076,298000,,,Manual,,2020,,,,Petrol,,Standard
Rtr Apache 134 Lot 2021 Model 9823657076,188000,,,Manual,,2021,,,,Petrol,,Standard
Gixxer 90 Lot 2017 Model 9823657076,118000,,,Manual,,2017,,,,Petrol,,Standard
TVs Rtr Apache 200cc Abs 129 Lot 2021 model 9823657076,188000,,,Manual,,2021,,,,Petrol,,Standard
Yamaha R15 V3 102 Lot 2018 Model 9823657076,228000,,,Manual,,2018,,,,Petrol,,Standard
Ktm Rc 390cc 92 Lot 2017 Model 9823657076,310000,,,Manual,,2017,,,,Petrol,,Standard
Yamaha R15 V3 2019 Model 9823657076,248000,,,Manual,,2019,,,,Petrol,,Standard
Yamaha Mt 15 137 Lot 2022 Model 9823657076,355000,,,Manual,,2022,,,,Petrol,,Standard
Jawa 42,350000,,,Manual,,2021,,,,Petrol,,Cruiser
Rtr Apache 130 Lot Fi Abs 2021 Model 9823657076,208000,,,Manual,,2021,,,,Petrol,,Standard
Yamaha R15 V3 Fi Abs 2019 Model 9823657076,243000,,,Manual,,2019,,,,Petrol,,Standard
Rtr Apache 130 Lot Fi Abs 2021 Model 9823657076,208000,,,Manual,,2021,,,,Petrol,,Standard
Yamaha Fzx 149 Lot 2023 Model 9823657076,288000,,,Manual,,2023,,,,Petrol,,Standard
Beneli 150cc Fi 142 Lot 2019 Model 9823657076,145000,,,Manual,,2019,,,,Petrol,,Standard
Yamaha Fz V2 149 Lot 2023 Model 9823657076,278000,,,Manual,,2023,,,,Petrol,,Standard
Super Spendor 86 Lot 2017 Model 9823657076,110000,,,Manual,,2017,,,,Petrol,,Standard
Pulsar 150td 122 Lot 2020 Model 9823657076,158000,,,Manual,,2020,,,,Petrol,,Standard
TVs Raider 152 Lot Bs6 Fi 2024 Model 9823657076,248000,,,Manual,,2024,,,,Petrol,,Standard
Yamaha R15 V3 ABs 106 Lot 2019 Model 9823657076,243000,,,Manual,,2019,,,,Petrol,,Standard
Honda Aviator 144 Lot 2023 Model 9823657076,188000,,,Manual,,2023,,,,Petrol,,Standard
Yamaha R15 V3 Fi Abs 2019 Model 9823657076,243000,,,Manual,,2019,,,,Petrol,,Standard
Yamaha R15 V3 2018 Model 9823657076,237000,,,Manual,,2018,,,,Petrol,,Standard
TVs Apache 200cc 129 Lot 2021 Model 9823657076,183000,,,Manual,,2021,,,,Petrol,,Standard
Yamaha R15 V3 113 Lot 2019 Model 9823657076,253000,,,Manual,,2019,,,,Petrol,,Standard
Fzs V3 145 Lot 2024 Model 9823657076,333000,,,Manual,,2024,,,,Petrol,,Standard
Aviator 95 Lot 2018 Model 9823657076,123000,,,Manual,,2018,,,,Petrol,,Standard
Gixxer 69 Lot 2015 Model 9823657076,83000,,,Manual,,2015,,,,Petrol,,Standard
Mt 15 108 Lot 2019 Model 9823657076,273000,,,Manual,,2019,,,,Petrol,,Standard
Rs 200cc 150 Lot Fi Abs 2015 Model 9823657076,133000,,,Manual,,2015,,,,Petrol,,Standard
Apache Rtr 200cc Abs 136 Lot 2022 Model 9823657076,217000,,,Manual,,2022,,,,Petrol,,Standard
Pulsar 150td 122 Lot 2020 Model 9823657076,158000,,,Manual,,2020,,,,Petrol,,Standard
TVs Raider 152 Lot Bs6 Fi 2024 Model 9823657076,248000,,,Manual,,2024,,,,Petrol,,Standard
TVs Raider 152 Lot Bs6 Fi 2024 Model 9823657076,248000,,,Manual,,2024,,,,Petrol,,Standard
Rolling Wheels Auto Enterprises,265000,,,Manual,White Blue Red,2015,,,250,Petrol,,Sport
Honda Dio 69 Lot Sale Or Ex,109000,4 years ,,Manual,Black white,2016,Self ,45,110,Petrol,32000,Scooty
Hero Achiver 150cc 104 Lot Sale Or Exchange,109000,3 years ,,Manual,Grey,2019,Self ,45,150,Petrol,23000,Standard
Triumph Scrambler 400x,620000,office and college inside the Kathmandu valley matrai,3 year,Manual,phantom black,2025,,24,400,Petrol,5900,Others
Yamaha R15 V3 ABs 106 Lot 2019 Model 9823657076,243000,,,Manual,,2019,,,,Petrol,,Standard
Yamaha R15 V3 2018 Model 9823657076,237000,,,Manual,,2018,,,,Petrol,,Standard
TVs Apache 200cc 129 Lot 2021 Model 9823657076,183000,,,Manual,,2021,,,,Petrol,,Standard
Fz-x 149 Lot 2023 Model 9823657076,283000,,,Manual,,2023,,,,Petrol,,Standard
Beneli 150 Efi 142 Lot 2019 Model 9823657076,143000,,,Manual,,2019,,,,Petrol,,Standard
Fz V2 149 Lot 2024 Model 9823657076,273000,,,Manual,,2024,,,,Petrol,,Standard
Ntorq Disk,175000,personal,nil,Automatic,red,2022,high pickup,40,125,Petrol,,Scooty
Fz V2 149 Lot 2024 Model 9823657076,273000,,,Manual,,2024,,,,Petrol,,Standard
Beneli 150 Efi 142 Lot 2019 Model 9823657076,143000,,,Manual,,2019,,,,Petrol,,Standard
Fz-x 149 Lot 2023 Model 9823657076,283000,,,Manual,,2023,,,,Petrol,,Standard
Fz-x 149 Lot 2023 Model 9823657076,283000,,,Manual,,2023,,,,Petrol,,Standard
Beneli 150 Efi 142 Lot 2019 Model 9823657076,143000,,,Manual,,2019,,,,Petrol,,Standard
Fz V2 149 Lot 2024 Model 9823657076,273000,,,Manual,,2024,,,,Petrol,,Standard
Royal enfield classic 350 | Bullet 350,439000,,,Manual,Green ,2023,,45,350,Petrol,19000,Standard
XR 190 2018 MODEL,410000,,,Manual,,2018,,,,Petrol,,Dirt
Yamaha R15 V3 Fi Abs 2019 Model 9823657076,243000,,,Manual,,2019,,,,Petrol,,Standard
Yamaha R15 V3 Abs 106 Lot 2019 Model 9823657076,243000,,,Manual,,2019,,,,Petrol,,Standard
Yamaha R15 V3 2018 Model 9823657076,237000,,,Manual,,2018,,,,Petrol,,Standard
TVs Apache 200cc 129 Lot 2021 Model 9823657076,188000,,,Manual,,2021,,,,Petrol,,Standard
Yamaha R15 V3 113 lot 2019 Model 9823657076,253000,,,Manual,,2019,,,,Petrol,,Standard
Fzs V3 145 Lot 2024 Model 9823657076,333000,,,Manual,,2024,,,,Petrol,,Standard
Aviator 95 Lot 2018 Model 9823657076,123000,,,Manual,,2018,,,,Petrol,,Standard
Gixxer 69 Lot 2015 Model 9823657076,83000,,,Manual,,2015,,,,Petrol,,Standard
Yamaha R15 V3 2018 Model 9823657076,237000,,,Manual,,2018,,,,Petrol,,Standard
Yamaha R15 V3 113 Lot 2019 Model 9823657076,253000,,,Manual,,2019,,,,Petrol,,Standard
Yamaha R15 V3 ABs 106 Lot 2019 Model 9823657076,243000,,,Manual,,2019,,,,Petrol,,Standard
Yamaha R15 V3 Fi Abs 2019 Model 9823657076,243000,,,Manual,,2019,,,,Petrol,,Standard
Yamaha R15 V3 2018 Model 9823657076,237000,,,Manual,,2018,,,,Petrol,,Standard
Bajaj Discover Disk Break 125cc 82 Lot Sale Or Ex,99000,4 yeras,,Manual,Blue black,2016,Self,50,125,Petrol,33000,Standard
Tvs Ntorque Raceediton Fi 146 Lot Sale Or Ex,239000,,,,,,,,,,,
Ntorq XP Top Model,265000,PERSONAL,NIL,Automatic,BLK RED,2023,HIGH PICKUP N GREAT MILEAGE,50,125,Petrol,10700,Scooty
Yamaha R15 V3 Abs 106 Lot 2019 Model 9823657076,243000,,,Manual,,2019,,,,Petrol,,Standard
Yamaha R15 V3 113 Lot 2019 Model 9823657076,253000,,,Manual,,2019,,,,Petrol,,Standard
Yamaha R15 V3 Fi Abs 2019 Model 9823657076,243000,,,Manual,,2019,,,,Petrol,,Standard
Yamaha R15 V3 Fi Abs 2019 Model 9823657076,243000,,,Manual,,2019,,,,Petrol,,Standard
Yamaha R15 V3 Abs 106 Lot 2019 Model 9823657076,243000,,,Manual,,2019,,,,Petrol,,Standard
Yamaha R15 V3 2018 Model 9823657076,237000,,,Manual,,2018,,,,Petrol,,Standard
TVs Apache 200cc 129 Lot 2021 Model 9823657076,188000,,,Manual,,2021,,,,Petrol,,Standard
Yamaha R15 V3 113 Lot 2019 Model 9823657076,253000,,,Manual,,2019,,,,Petrol,,Standard
Hero Honda Pleasure   One hand Used  good Conditio,41499,,,Automatic,,2015,,,,Petrol,,Scooty
Aprilia Storm 125 Lots Sale/Xchange,139900,2 years,As Company Rules ,Automatic,Mat Red ,2021,Hey ?? Guys I have Aprilia 125 lots Mat red Colors Scrooty Superfresh Condition Ma 6 As Showroom Not a Single Scratch You Can See Orginal photos Also if you Want To Buy/Xchange Plz ?? ?? ?? Call/Reply Us 9851205105/9861024681 For Details You Can Search in Google/Facebook/TikTok/Youtube/WhatsApp Prakrish Enterprises sorakhute Prakrish Chwok Puspalal Marga Kaldhara Khasbu Linkroad 17 We Are Open Sunday-Friday 9:30Am-6:30Pm,40,125,Petrol,2403,Scooty
104 lot honda shine,145000,6 years,yes,Automatic,black/red,2018,fresh condition,50,125,Petrol,41000,Standard
Yamaha R15 V3 ABs 106 Lot 2019 Model 9823657076,243000,,,Manual,,2019,,,,Petrol,,Standard
Yamaha Rayz 118 Lot 2020 Model 9823657076,118000,,,Manual,,2020,,,,Petrol,,Standard
Tvs NToRQ 109 Lots Sale/Xchange,139900,3 years,As Company Rules  ,Automatic,Gray/Black ,2019,Hey ?? Guys I have lots Colors Scrooty/Bike Superfresh Condition Ma 6 As Showroom Not a Single Scratch Run km is is Only  You Can See Orginal photos Also if you Want To Buy/Xchange Plz ?? ?? ?? Call/Reply Us 9851205105/9861024681 For Detailsfk You Can Search in Google/Facebook/TikTok/Youtube/WhatsApp Prakrish Enterprises sorakhute Prakrish Chwok Puspalal Marga Kaldhara Khasbu Linkroad 17 We Are Open Sunday-Friday 9:30Am-6pm,30,125,Petrol,,Scooty
Cbz Xtreem Abs 98 Lot 2018 Model 9823657076,98000,,,Manual,,2020,,,,Petrol,,Standard
TVs Ntroq 125 Cc 129 Lot 2021 Model 9823657076,178000,,,Manual,,2021,,,,Petrol,,Standard
TVs Rider 125 Cc 140 Lot 2022 Model 9823657076,188000,,,Manual,,2022,,,,Petrol,,Standard
TVs Rider 125cc 144 Lot 2023 Model 9823657076,193000,,,Manual,,2023,,,,Petrol,,Standard
Pulsar 150cc 91 Lot 2017 Model 9823657076,133000,,,Manual,,2017,,,,Petrol,,Standard
Suzuki Gixxer 90 Lot 2017 Model 9823657076,113000,,,Manual,,2017,,,,Petrol,,Standard
Mt 15 Bs6 137 Lot 2022 Model 9823657076,355000,,,Manual,,2022,,,,Petrol,,Standard
Mt 15 Bs6 144 Lot 2023 Model 9823657076,383000,,,Manual,,2023,,,,Petrol,,Standard
Suzuki Gixxer 90 Lot 2017 Model 9823657076,113000,,,Manual,,2017,,,,Petrol,,Standard
Mt 15 Bs6 137 Lot 2022 Model 9823657076,355000,,,Manual,,2022,,,,Petrol,,Standard
Mt 15 Bs6 144 Lot 2023 Model 9823657076,383000,,,Manual,,2023,,,,Petrol,,Standard
Rtr Apache 160 4v cc 134 Lot 2021 Model 9823657076,183000,,,Manual,,2021,,,,Petrol,,Standard
Bajaj Pulsar 220cc 120 Lot 2020 Model 9823657076,210000,,,Manual,,2020,,,,Petrol,,Standard
Duke 200cc Bs6 137 Lot 2022 Model 9823657076,363000,,,Manual,,2022,,,,Petrol,,Standard
Ns 200cc Fi Abs 132 Lot 2021 Model 9823657076,233000,,,Manual,,2021,,,,Petrol,,Standard
Ray Z for sale or exchange,117000,,,Automatic,blue,2019,,45,110,Petrol,,Standard
vespa sxl 125 for sale or exchange,122000,office,,Automatic,blue,2017,,35,125,Petrol,30000,Standard
Tvs Nrorque Raceediton 136 Lot Sale Or Ex,199000,3 years ,,Manual,Red ,2022,Smart connect ,40,125,Petrol,22000,Scooty
Yamaha Rayzr 117 Lot 2020 Model 9823657076,163000,,,Manual,,2020,,,,Petrol,,Standard
Yamaha r15 ,85000,,,Manual,Blue,2012,,45,150,Petrol,42000,Sport
Royal Enfield Classic Reborn 350,438888,Saturday rides,,Manual,Black,2023,,35,350,Petrol,3500,Cruiser
2020 Bajaj Pulsar NS160 | 14 000 km | First owner,200000,4years 7months,,Manual,Black and White (BW),2020,,38,160,Petrol,24000,Sport
Unicorn 160cc 69 Lot 2015 Model 9823657076,88000,,,Manual,,2015,,,,Petrol,,Standard
Unicorn 160cc 69 Lot 2015 Model 9823657076,88000,,,Manual,,2015,,,,Petrol,,Standard
Unicorn 160cc 69 lot 2015 model 9823657076,88000,,,Manual,,2015,,,,Petrol,,Standard
Nk 250 cf moto,220000,,,Manual,Black,2018,,,250,Petrol,33000,Sport
Tvs Nrorque Raceediton Fi 139 Lot Sale Or Ex,219000,2 years,,Manual,Red black,2022,Fi,45,125,Petrol,16000,Scooty
APACHE 1604V FOR SELL,220000,2,,Manual,RED,2023,,35,160,Petrol,30000,Sport
Bajaj Avenger 150 for Sale – Well Maintained,130000,office,2 years,Manual,navy blue,2016,self start  good riding posture,50,150,Petrol,50000,Cruiser
Aprilla 150 ,155000,Personal ,,Automatic,Blue and gray ,2019 2021 ,,20,150,Petrol,20,Scooty
Tiger 200,230000,6 months ,1 year,Manual,Red and black,2024,,35,200,Petrol,,Dirt
Ducati Hypermotard 796,1845000,,,Manual,Red,2010,,,,Petrol,25000,Sport
Pulsar 150cc,65000,,,Automatic,Red,2007,,46,150,Petrol,25000,Standard
Yamaha Rayzr Fi 019 Lot 2020 Model 9823657076,158000,,,Manual,,2020,,,,Petrol,,Standard
Dio 90 Lot 2017 Model 9823657076,128000,,,Manual,,2017,,,,Petrol,,Standard
Aviator 002 Lot 2018 Model 9823657076,125000,,,Manual,,2018,,,,Petrol,,Standard
Aprilia Sr 125cc 004 Lot 2019 Model 9823657076,118000,,,Manual,,2019,,,,Petrol,,Standard
Yamaha Rayzr Fi 019 Lot 2020 Model 9823657076,158000,,,Manual,,2020,,,,Petrol,,Standard
Pulsar 220cc 107 Lot 2019 Model 9823657076,163000,,,Manual,,2019,,,,Petrol,,Standard
KTM Rc 200cc 69 Lot 2015 Model 9823657076,183000,,,Manual,,2015,,,,Petrol,,Standard
Apache Rtr 200cc Bs6 2022 Model 9823657076,233000,,,Manual,,2022,,,,Petrol,,Standard
Bajaj Dominar 250cc 143 Lot 2023 Model 9823657076,330000,,,Manual,,2023,,,,Petrol,,Standard
KTM Duke 200cc Bs6 123 Lot 2021 Model 9823657076,333000,,,Manual,,2021,,,,Petrol,,Standard
Yamaha Rayzr Fi 117 Lot 2020 Model 9823657076,163000,,,Manual,,2020,,,,Petrol,,Standard
Yamaha Rayz 118 Lot 2020 Model 9823657076,113000,,,Manual,,2020,,,,Petrol,,Standard
Royal Enfield 350cc 110 Lot 2019 Model 9823657076,453000,,,Manual,,2019,,,,Petrol,,Standard
Super Spendor 118 Lot 2020 Model 9823657076,133000,,,Manual,,2020,,,,Petrol,,Standard
Aviator 127 Lot 2021 Model 9823657076,153000,,,Manual,,2021,,,,Petrol,,Standard
Royal Enfield 350cc 110 Lot  2019 Model 9823657076,453000,,,Manual,,2019,,,,Petrol,,Standard
Super Spendor 118 Lot 2020 Model 9823657076,133000,,,Manual,,2020,,,,Petrol,,Standard
Aviator 127 Lot 2021 Model 9823657076,153000,,,Manual,,2021,,,,Petrol,,Standard
R15 2022 Model 9823657076,383000,,,Manual,,2022,,,,Petrol,,Standard
Ktm adventure 250 2023 145lotin pristine condition,599999,,,Manual,White blue,2023,Fully loaded,30,250,Petrol,12000,Dirt
Yamaha Alba,50000,,,Manual,,2010,,,,Petrol,,Standard
Aviator,135000,,,Manual,red,2017,,,110,Petrol,0,Scooty
Hero XPulse 200 – 2021,260000,4 years,,Manual,Green,2021,,35,200,Petrol,26867,Dirt
TVS scooter front brake caliper assembly,4000,,,Manual,,2024,,,,Petrol,,Scooty
R15 V3 2020 Model 118 Lot On Sale!!,285000,Few time,No,Manual,Blue,2020,Good,40,150,Petrol,37,Sport
"Raider On Sale 
Cn 9808069712",199000,Home,No,Manual,Black ,2024,Perfect ,55,125,Petrol,12000,Cruiser
"Gixxer On Sale 
Cn 9808069712",109000,Home,No,Manual,Grey,2017,Perfect,40,155,Petrol,36000,Cruiser
"Gixxer On Sale 
Cn 9808069712",129000,Home,No,Manual,Blue,2018,Perfect,40,155,Petrol,26000,Cruiser
Benelli On Sale,139000,Home,No,Manual,Black,2020,Perfect,45,150,Petrol,48000,Cruiser
TVs Jupiter 91 Lot 2017 Model 9823657076,83000,,,Manual,,2017,,,,Petrol,,Standard
Cbz Xtreem 98 Lot 2018 Model 9823657076,93000,,,Manual,,2018,,,,Petrol,,Standard
Yamaha Fz V2 108 Lot 2019 Model 9823657076,173000,,,Manual,,2019,,,,Petrol,,Standard
Yamaha R15 V3 122 Lot 2021 Model 9823657076,303000,,,Manual,,2021,,,,Petrol,,Standard
Yamaha R15 V3 101 Lot 2018 Model 9823657076,213000,,,Manual,,2018,,,,Petrol,,Standard
Yamaha R15 V3 101 Lot 2018 Model 9823657076,213000,,,Manual,,2018,,,,Petrol,,Standard
Pulsar 150cc 91 Lot 9823657076,123000,,,Manual,,2017,,,,Petrol,,Standard
Apache Rtr 200cc Fi Abs Bs6 138 Lot 9823657076,233000,,,Manual,,2022,,,,Petrol,,Standard
Rayz 76 Lot 9823657076,83000,,,Manual,,2016,,,,Petrol,,Standard
Suzuki Gixxer 90 Lot 9823657076,113000,,,Manual,,2017,,,,Petrol,,Standard
Yamaha Rayz 76 Lot 9823657076,83000,,,Manual,,2016,,,,Petrol,,Standard
Gixxer 90 Lot 9823657076,113000,,,Manual,,2017,,,,Petrol,,Standard
suzuki burgman for sale,165000,few years,,Automatic,silver,2022,,45,125,Petrol,,Scooty
Dio Scooter,50000,,,Automatic,Red and black,2001,,,100,Petrol,,Scooty
Honda Aviator,169000,,,Manual,Black,2021,,45,110,Petrol,12000,Scooty
Honda Aviator,129000,,,Manual,Silver,2018,,40,110,Petrol,32000,Scooty
Pulsar 220cc 85 Lot 9823657076,138000,,,Manual,,2017,,,,Petrol,,Standard
Aprilla 150cc 2019 Model 9823657076,130000,,,Manual,,2019,,,,Petrol,,Standard
kTM Rc 200cc 69 Lot 9823657076,178000,,,Manual,,2015,,,,Petrol,,Standard
Pulsar 220cc 107 Lot 9823657076,165000,,,Manual,,2019,,,,Petrol,,Standard
Pulsar 220cc 85 Lot 9823657076,138000,,,Manual,,2017,,,,Petrol,,Standard
Aprilla 150cc 2019 Model 9823657076,130000,,,Manual,,2019,,,,Petrol,,Standard
scooty on rent,450,,,Manual,,2015,,,,Petrol,,Standard
Duke 200 Front rim,10000,Personal ,6mnths,Automatic,Orange,2024,Good,31,200,Petrol,0,Standard
Fz250 on rent,2500,,,Automatic,Black and white ,2018,,30,249,Petrol,60000,Sport
Yamaha Fz V2 2018 Model 9823657076,153000,,,Manual,,2018,,,,Petrol,,Standard
Suzuki Access 113 Lot 2019 Model 9823657076,110000,,,Manual,,2019,,,,Petrol,,Standard
TVs Raider 140 Lot 2021 Model 9823657076,183000,,,Manual,,2021,,,,Petrol,,Standard
Pulsar 150cc 69 Lot 9823657076,93000,,,Manual,,2015,,,,Petrol,,Standard
Tvs scooter on sale,80000,7 years,no,Manual,yellow and white,2075,self start automatic,40,110,Petrol,22000,Scooty
Honda Aviator Scooter  17 800 km,164999,,,Automatic,Red,2019,,,110,Petrol,17800,Scooty
Jawa Pérák,650000,Personal Use,,Manual,Black,2020,Dual Channel ABS,25,334,Petrol,8774,Cruiser
Honda CBR 250R,380000,,,Manual,Red,2017,,35+,250,Petrol,18000,Sport
Yamaha R15 V3 2019 Model 9823657076,235000,,,Manual,,2019,,,,Petrol,,Standard
Ns 200cc 85 Lot 2017 Model 9823657076,138000,,,Manual,,2017,,,,Petrol,,Standard
Hero Destini 124 Lot 2021 Model 9823657076,118000,,,Manual,,2021,,,,Petrol,,Standard
Yamaha Rayz 118 Lot 2019 Model 9823657076,118000,,,Manual,,2019,,,,Petrol,,Standard
Honda Activa 81 Lot 2017 Model 9823657076,81000,,,Manual,,2017,,,,Petrol,,Standard
Yamaha Fz V2 2017 Model 9823657076,143000,,,Manual,,2017,,,,Petrol,,Standard
Yamaha R15 V3 122 Lot 2021 Model 9823657076,310000,,,Manual,,2021,,,,Petrol,,Standard
Bajaj Ns 200cc 135 Lot 2022 Model 9823657076,238000,,,Manual,,2022,,,,Petrol,,Standard
Yamaha R15 V3 2021 Model 9823657076,310000,,,Manual,,2021,,,,Petrol,,Standard
KTM Rc 200cc 69 Lot 9823657076,178000,,,Manual,,2015,,,,Petrol,,Standard
Yamaha R15 V3 2021 Model 9823657076,310000,,,Manual,,2021,,,,Petrol,,Standard
KTM Rc 200cc 69 Lot 9823657076,178000,,,Manual,,2015,,,,Petrol,,Standard
KTM Rc 390cc 92 Lot 9823657076,310000,,,Manual,,2018,,,,Petrol,,Standard
Splendor ,120000,personal,nil,Manual,black,2020,mileage king bike,60+,100,Petrol,00,Standard
Hero Destine 124 Lot 2021 Model 9823657076,113000,,,Manual,,2021,,,,Petrol,,Standard
Hero destine 124 lot Model 2021 9823657076,113000,,,Manual,,2021,,,,Petrol,,Standard
Super Soco Scooter,150000,3 yrs,,Automatic,Grey,2020,,75 km,,Electric,,Scooty
Duke 250 For Sale !!,450000,,,,,,,,,,,
Yamaha Fz V2 2017 Model 9823657076,143000,,,Manual,,2017,,,,Petrol,,Standard
Honda Shine 38 Lot 9823657076,63000,,,Manual,,2011,,,,Petrol,,Standard
Honda Activa 81 Lot 9823657076,83000,,,Manual,,2016,,,,Petrol,,Standard
Honda Activa 81 Lot 9823657076,83000,,,Manual,,2016,,,,Petrol,,Standard
Honda Shine 38 Lot 9823657076,63000,,,Manual,,2011,,,,Petrol,,Standard
Duke 200 bs6/ Dual channel abs,425000,Personal use,,Manual,White and Black,2021,,,200,Petrol,13151,Sport
Royal Enfield 350 classic ,420000,7,2 months ,Manual,Battle green(matt),2017,dug dug,35,350,Petrol,30000 plus,Others
Honda XR 190cc 129 Lot Single Handed Sale Or Ex,579000,2 years,,Manual,White,2021,Fi,40,190,Petrol,27000,Dirt
Vintage Yamaha YB100 Motorcycle,200000,,,Manual,Dessert Sand,1990,,25,100,Petrol,100000,Standard
Bajaj Domaninar D400 98 Lots Sale/Xchange,221900,3 years,As Company Rules ,Automatic,Blue ,2018,Hey ?? Guys I have Bajaj Dominar D400 98 lots BlueColors Bike Superfresh Condition Ma 6 As Showroom Not a Single Scratch Run km is Only  23l Bike Single Handed Ho Both tyres are New You Can See Orginal photos Also if you Want To Buy/Xchange Plz ?? ?? ?? Call/Reply Us 9851205105/9861024681 For Detailsfk You Can Search in Google/Facebook/TikTok/Youtube/WhatsApp Prakrish Enterprises sorakhute Prakrish Chwok Puspalal Marga Kaldhara Khasbu Linkroad 17 We Are Open Sunday-Friday 9:30Am-6:30Pm,30,373,Petrol,23000,Sport
r15,112000,,,Manual,red,2016,,45,150,Petrol,40000,Sport
vr 150,430000,,,Manual,black,2020,,35,150,Petrol,200,Dirt
Dominar 400 cc like brand new,395000,,,Manual,,2022,,,400,Petrol,18000,Sport
Yamaha R15 V3 2021 Model 9823657076,310000,,,Manual,,2021,,,,Petrol,,Standard
Yamaha R15 V3 2021 Model 9823657076,310000,,,Manual,,2021,,,,Petrol,,Standard
Honda Dio,115000,,,Automatic,,2016,,,,Petrol,,Scooty
137 lot Duke 2022 model on sale ,379000,,,Manual,Black n white ,2022,,45,200,Petrol,27,Cruiser
Apace RTR 200,95000,Personal use,Engine warranty,Manual,Grey,1016,5 gears digital meter,30,200,Petrol,60000,Sport
Duke 200cc 69 Lot 9823657076,183000,,,Manual,,2015,,,,Petrol,,Standard
Duke 200cc 69 lot 9823657076,183000,,,Manual,,2015,,,,Petrol,,Standard
tvs jupiter on sale,100000,,,Automatic,,2017,,,110,Petrol,35000,Scooty
Triumph speed 400,590000,personal,Available,Manual,Blue,2024398,ABS  Slipper clutch,25,398,Petrol,600,Others
Butwal Bhairahawa ko lagi Bike Vadama ,1000,Rider Patho/ indrive/ edrive,No Warranty,Automatic,Red and Black mixed,2018,,30,220,Petrol,30000,Standard
Yamaha R15 V3 2021 Model 9823657076,310000,,,Manual,,2021,,,,Petrol,,Standard
Yamaha R15 V3 2021 Model 9823657076,310000,,,Manual,,2021,,,,Petrol,,Standard
Yamaha Rayz 118 lot 2020 model 9823657076,113000,,,Manual,,2020,,,,Petrol,,Standard
Cbz Xtriem 59 lot 9823657076,63000,,,Manual,,2015,,,,Petrol,,Standard
Pulsar 220cc 85 lot 2017 model 9823657076,133000,,,Manual,,2017,,,,Petrol,,Standard
Apache Rtr 129 lot 2021 model 9823657076,173000,,,Manual,,2021,,,,Hybrid,,Standard
Ns200cc Fi abs 135 lot 2022 model 9823657076,233000,,,Manual,,2022,,,,Petrol,,Standard
Dominar 250cc 143 lot 2023 Model 9823657076,333000,,,Manual,,2023,,,,Petrol,,Standard
Classic Jawa 42 lot 118 2020 model  9823657076,293000,,,Manual,,2020,,,,Petrol,,Standard
Yamaha  R15 137 lot 2022 model 9823657076,383000,,,Manual,,2022,,,,Petrol,,Standard
Dash 102 lot 2016 model 9823657076,73000,,,Manual,,2016,,,,Petrol,,Standard
Bajaj Ns 200cc 98 lot 2018 model 9823657076,143000,,,Manual,,2018,,,,Petrol,,Standard
Corssfire RM 250  ,440000,,,Manual,Red,2020,Like new  nepal chutti auda matra chalako. Barsa ma maximum 1 months matra use gareko. Aile samma clutch cover no open na vako. 2 years mission jana pareko le bikri ma rakhya. Serious buyer ko lagi matra Whatsapp (+33625657904),,260,Petrol,10000,Dirt
Benelli TNT 15,115000,,,Manual,white,2019,,35,150,Petrol,45000,Standard
Honda XR190L,650000,,,Manual,Red,2022,,45,190,Petrol,27000,Dirt
Yamaha Fascino 94 Lot 9823657076,83000,,,Manual,,2018,,,,Petrol,,Standard
Bajaj Pulsar 220cc 115 Lot 9823657076,183000,,,Manual,,2020,,,,Petrol,,Standard
Aprilla Strom 190 Lot 9823657076,123000,,,Manual,,2019,,,,Petrol,,Standard
Yamaha Fascino 94 Lot 9823657076,83000,,,Manual,,2018,,,,Petrol,,Standard
Ktm Rc 200 2022 Model For Sale 9823329921 bike owner number ,520000,Personal ride,,Manual,Orange & black,2022,,35,200,Petrol,6500,Sport
Bajaj Pulsar 220cc 115 Lot 9823657076,183000,,,Manual,,2020,,,,Petrol,,Standard
R15 V4 (Red Colour) On Sale. Contact 9808572809,449000,,,Manual,Red,2022,,45,155,Petrol,15000,Sport
Tvs Styker 125cc Disk Break 145 Lot Sale Or Ex,149000,2 yeras,,Manual,Blue,2022,Self,50,125,Petrol,11000,Standard
Ns 200 cc lot 82 9823657076,124000,,,Manual,,2016,,,,Petrol,,Standard
Ns 200 cc lot 82 9823657076,124000,,,Manual,,2016,,,,Petrol,,Standard
Ns 200 cc lot 82 9823657076,124000,,,Manual,,2016,,,,Petrol,,Standard
Tvs Ronin 225cc 147 Lot Sale Or Ex,369000,1 years,,Manual,Grey,2023,Abs fi,35,225,Petrol,14000,Cruiser
128 lot dio dx,175000,4 years,yes,Automatic,black,2021,fresh condition,40,109,Petrol,26000,Scooty
yamaha rayzr blue colour very fresh condition,193500,,,Automatic,,2020,,52,,Petrol,,Scooty
KTM Rc 200 73 lot 9823657076,183000,,,Manual,,2016,,,,Petrol,,Standard
Yamaha Rayzr 94 lot 2018 model 9823657076,93000,,,Manual,,2018,,,,Petrol,,Standard
KTM Rc 200 73 lot 9823657076,183000,,,Manual,,2016,,,,Petrol,,Standard
Pulsar 150td 103 Lot 9823657076,138000,,,Manual,,2018,,,,Petrol,,Standard
Honda XR 190 L,600000,Personal Single Hand,,Manual,Red,2021,,40,190,Petrol,10500,Dirt
Aviator 86 Lot 9823657076,118000,,,Manual,,2017,,,,Petrol,,Standard
Pulsar 150td 103 Lot 9823657076,138000,,,Manual,,2018,,,,Petrol,,Standard
Himalayan enfield 2015,300000,Self,,Automatic,Black,2015,,,,Petrol,20414,Standard
Yamaha R15 V3 2021 Model 9823657076,310000,,,Manual,,2021,,,,Petrol,,Standard
Yamaha r15 v3 2021 model 9823657076,310000,,,Manual,,2021,,,,Petrol,,Standard
Fz V3 Fi Abs 050 Lot,325000,,,Manual,Blue,2022,,45,149,Petrol,12000,Standard
Pulsar 2017 model black and red,125000,,,,,,,,,,,
Dominar 250cc 143 Lot 9823657076,338000,,,Manual,,2023,,,,Petrol,,Standard
Brand new Suzuki intuder 9823657076,210000,,,Manual,,2021,,,,Petrol,,Standard
Ns 200cc Abs 123 lot 2021 model 9823657076,198000,,,Manual,,2021,,,,Petrol,,Standard
Cbz Xtriem 125cc 155 lot 2025 model 9823657076,243000,,,Manual,,2025,,,,Petrol,,Standard
Aprilla sr125 Strom 123 lot 2021 model 9823657976,135000,,,Manual,,2021,,,,Petrol,,Standard
Suzuki Burman 125cc 110 lot 2021 model 9823657076,115000,,,Manual,,2021,,,,Petrol,,Standard
Ns 200cc Abs  123 lot 9823657076,198000,,,Manual,,2021,,,,Petrol,,Standard
Cbz Xtriem 125cc 155 lot 2025 Model 9823657076,243000,,,Manual,,2025,,,,Petrol,,Standard
Aprilla sr125 Strom 123 lot 2021 model 9823657076,135000,,,Manual,,2021,,,,Petrol,,Standard
Suzuki Burman 125cc 110 lot 2021 model 9823657076,115000,,,Manual,,2021,,,,Petrol,,Standard
BULLET BIKE ON RENTAL RS. 2500 ONLY,2500,2 year,Yes,Manual,Gray,2022,Manual,35,350,Petrol,5000,Standard
Bullet 350cc 80 Lot 9823657076,348000,,,Manual,,2016,,,,Petrol,,Standard
TVs Ronin 225cc 9823657076,388000,,,Manual,,2024,,,,Petrol,,Standard
Honda Dio Remote Wala 2024 Model 9823657076,278000,,,Manual,,2024,,,,Petrol,,Standard
Honda Dio Remote Wala 2024 Model 9823657076,278000,,,Manual,,2024,,,,Petrol,,Standard
TVs Ronin 225cc 9823657076,388000,,,,,,,,,,,
Bullet 350cc 80 Lot 9823657076,348000,,,Manual,,2016,,,,Petrol,,Standard
"Dominar250D
2021model
Tax Clearance Upto 2083",260000,3 years,No,Manual,Red,2021,In good condition,25,250,Petrol,22724,Sport
🚨 Bajaj Dominar 250 for Sale 🚨,410000,,,Automatic,,2021,,,,Petrol,,Others
Avenger 220cc 82 Lot 9823657076,115000,,,Manual,,2017,,,,Petrol,,Standard
Yamaha Fz250cc 91 Lot 9823657076,148000,,,Manual,,2017,,,,Petrol,,Standard
Pulsar 150 Single Dics ,155000,,,Manual,Red&Black,2019,,40,150,Petrol,25000,Sport
Ns 200,235000,,,Manual,Grey,2022,,40,200,Petrol,24000,Sport
Ns 200,128000,,,Manual,Red,2015,,35,200,Petrol,39000,Sport
Xr190 ,520000,,,Manual,Red,2020,,45+,190,Petrol,21000km,Dirt
royal enfield reborn 350 on sale,439999,1 year,,Manual,black,2023,,35,350,Petrol,2890,Cruiser
Ns 200cc 122 Lot 9823657076,218000,,,Manual,,2021,,,,Petrol,,Standard
Ns200cc 122 Lot 9823657076,218000,,,Manual,,2021,,,,Petrol,,Standard
Pulsar 220cc 69 Lot 9823657076,118000,,,Manual,,2015,,,,Petrol,,Standard
Ns200cc 120 Lot 9823657076,210000,,,Manual,,2020,,,,Petrol,,Standard
Fzs V3 Deluxe 153 Lot 9823657076,358000,,,Manual,,2024,,,,Petrol,,Standard
Jawa Forty Two 118 Lot 9823657076,298000,,,Manual,,2020,,,,Petrol,,Standard
Hero Dash 102 Lot 9823657076,78000,,,Manual,,2017,,,,Petrol,,Standard
Bajaj Ns 200cc 74 Lot 9823657076,118000,,,Manual,,2016,,,,Petrol,,Standard
Aprilla Sr 125cc 124 Lot 9823657076,148000,,,Manual,,2021,,,,Petrol,,Standard
Aprilla Sr 125cc 96 Lot 9823657076,119000,,,Manual,,2018,,,,Petrol,,Standard
Honda Dio 70 Lot 9823657076,108000,,,Manual,,2015,,,,Petrol,,Standard
Jawa Forty Two 118 Lot 9823657076,298000,,,Manual,,2020,,,,Petrol,,Standard
Hero Dash 102 Lot 9823657076,78000,,,Manual,,2017,,,,Petrol,,Standard
Ns 200cc 74 Lot 9823657076,118000,,,Manual,,2016,,,,Petrol,,Standard
Duke 250 Bs6,390000,,,Manual,Galvano matt,2020,,25,249,Petrol,23500,Sport
PULSAR NS 160,99000,,,Manual,white,2017,,40,160,Petrol,31490,Standard
Bajaj v15,75000,,,Manual,White ,2015,,,,Petrol,,Standard
Mt 15  white&neon. Call 9841316555,395000,,,,,,,,,,,
Pulsar 220F Bike 2017 model 85 lot,140000,,cheak warranty,Manual,black red,2017,,32,220,Petrol,32000,Standard
130000 Ma NTORQ TVS SCOOTER,140000,Safe Purpose ,,Automatic,Maroon ,2020,Disc normal variant,34,125,Petrol,25,Scooty
Tvs Phonex Bike 125cc,65000,,No,Manual,Black,2017,,65,125,Petrol,35000,Standard
Bajaj Pulsar 220 82 Lot Sale Or Exchange,139000,4 years,,Manual,Blue,2017,Self ,40,220,Petrol,42000,Standard
Super Splender i3s 125cc,137999,home and shop,,Manual,Black,2019,,50,125,Petrol,14000,Standard
Ktm Duke 139lot On Sale Or Exchange,410000,,,Automatic,,2022,,,200,Petrol,12000,Standard
Honda Shine Disk Break 134 Lot Sale Or Ex,189000,3 yeras,,Manual,Black,2021,Disk break,45,125,Petrol,15000,Standard
Pulsar 220cc Lot 77 9823657076,123000,,,Manual,,2016,,,,Petrol,,Standard
Yamaha R15s 2017  model 29 lot,125000,Engineering office work,,Manual,red,2017,,28-30,149,Petrol,44000,Sport
Brand New XR 190cc Lot 156 9823657076,750000,,,Manual,,2025,,,190,Petrol,,Standard
Ktm Duke 200cc Lot 85 9823657076,233000,,,Manual,,2017,,35,200,Petrol,28,Sport
Bajaj Pulsar 220cc Lot 77 9823657076,123000,,,Manual,Red black ,2016,,35,220,Petrol,28000,Standard
Reborn 350 Classic,449000,1.5 year,,Manual,Halycon green,2023,,30,350,Petrol,16000,Cruiser
Honda Aviator,132000,,,Manual,Silver,2018,,40,110,Petrol,38000,Scooty
Pulser,90000,,,,,,,,,,,
Avenger 220 Cruise 014lot(2019),185000,,,Manual,,2019,,40,,Petrol,30,Cruiser
Pulsar 150,229000,Home to office,Full,Manual,Blue,2023,All,45,150,Petrol,15000,Sport
KTM Duke 390,295000,,,Manual,black,2016,,28,375,Petrol,39500,Sport
Single Hand Powerful Yamaha FZ25 FZ250 Fresh,249999,5 years,,Automatic,White,2019,,,250,Petrol,41000,Cruiser
Bajaj Avanger 220 Cruise 82 Lot 9823657076,115000,,,Manual,Black ,2017,,45,220,Petrol,22000,Cruiser
Honda Dio Scooter,55000,daily use,no,Automatic,Purple,2012,Single handed,55kmpl,125,Petrol,4000,Scooty
Zontes 150U1,520000,Single ,,Automatic,Silver n neon,2025,,40,150,Petrol,2200,Others
Ktm Duke 200 93 Lot Sale Or Exchange 2018 Model,299000,3 years,,Manual,Orange,2017,Self ,35,200,Petrol,24000,Sport
tiktok likes views and followers,99,,,Manual,,2025,,,500,Petrol,,Standard
Yahama Rayz Hybrid 125cc 151 Lot Sale Or Ex,274000,6 monts,,Manual,Blue,2024,Hybrid fi,58,125,Petrol,7000,Scooty
Dominar 400 well maintained bike,410000,nearly 2 years,,Manual,Green,2022,,Upon usage,400,Petrol,,Sport
Ktm Duke 200 Abs Fi 139 Lot Sale Or Ex,419000,2 years,,Manual,White,2022,Bs6,40,200,Petrol,13000,Standard
Hartford Vr 150H,90000,,,Manual,,2012,,,150,Petrol,,Dirt
Mt 15,498000,,,Manual,white ??,2024,bs6 V2,45,155,Petrol,6000,Sport
scooter on sale fresh good mileage good pickup,129999,office to home,,Manual,white,2017,,40,109,Petrol,29000,Scooty
"R15m 
036 Lot 9803130319",415000,,,Manual,,2022,,,155,Petrol,,Sport
ray,89000,hub,checked time,Automatic,blue,2017,siknuui best,38,110,Petrol,35000,Scooty
150,135000,hub,checked time,Manual,red black,2017,strong,38,150,Petrol,35000,Standard
Royal Enfield reborn on Sale on best price  ,499000,2 years ,5 Years ,Manual,Gun Metal Gray,2024,A,35,350,Petrol,6500,Cruiser
Pulsar 150AS,85000,9 yrs,,Manual,Blue,2016,,,150,Petrol,33k,Others
Crossfire xzrr for sale,330000,Daily use,No,Manual,Red and white,2016,Bike in good condition ,20 22 per liter,250,Petrol,35000,Dirt
Fz V2.0 120 Lot Sale Or Exchange ,215000,Home to office,Full,Manual,Black,2020,All,50,150,Petrol,18000,Sport
Ns 200 Abs Fi 129 Lot Sale Or Exchange,225000,Home to office,Full,Manual,White,2021,All,45,200,Petrol,35000,Sport
Bike on Sale,230000,4 years,No,Manual,White,2019,Single channel ABS dual disk brakes,30-35 city  40-43 highway,200,Petrol,34000,Dirt
Vespa SXL 150 CC 1 45 000/- 2017model ,145000,,,Automatic,Matte (Maroon color),2017,,30,150,Petrol,32000,Scooty
Tvs 200 4 vs,200000,Single,,Manual,Red and black,2020,,,200,Petrol,11000,Standard
Bicycle for sale,30000,,,Manual,,2022,,,,Hybrid,,Others
Mahindra Flyte Scooter for Sale – Only Rs. 70 000!,70000,,,Automatic,,2073,,,,Petrol,,Scooty
Ktm 390 Adventure In Best Condition|All Accesories,750000,3 years,No,Automatic,Orange ,2021,All electronics ,28,390,Petrol,24,Dirt
FZ V2 70k running Jankpur lot,140000,6.5years,,Automatic,Red,2017,,40+,150,Petrol,75000,Standard
KTM RC 390 on sale,550000,3 years,,Manual,Orange,2021,,30-35,390,Petrol,8000,Sport
Bajaj NS 200,230000,Personal Use,,Manual,White,2019,Key features include: - Triple spark ignition technology - Liquid-cooled engine - 6-speed gearbox for smooth shifting. - Sharp  sporty design with a muscular tank and LED tail light. - Telescopic front forks and rear monoshock suspension  It is an excellent choice for both city commuting and spirited riding  with a balance of performance  safety  and style.,35,200,Petrol,30000,Sport
Cbz Xtreme,70000,,,Automatic,Black,2010,,50,150,Petrol,,Standard
BMW 310GS,900000,,,Manual,Red,2019,,,310,Petrol,22000,Others
husqvarna svartpilen 250 Urgent Sale,350000,,,Manual,,2021,,,250,Petrol,16000,Sport
ns 200,130000,,,Manual,white,2018,,30,200,Petrol,,Sport
Avenger 220 (single Hand) genuine KM 26 632 on sel,186500,6years,,Manual,Mat Black,2017,,32,220,Petrol,26632,Cruiser
FZ25 ABS,270000,,,Automatic,Matt Black,2020,,40,250,Petrol,,Standard
FZs yamaha,150000,,no,Manual,black,2016,,45/50,149,Petrol,22000,Sport
Yamaha r3 ,680000,,,Manual,Blue white ,2016,,22,321,Petrol,20 000,Sport
R15,129999,,,Manual,,2016,,45,150,Petrol,,Sport
APRILIA STORM 125,149999,Personal used,,Automatic,Red,2021,,35,125,Petrol,,Scooty
Royal Enfield Classic 500( Chrome Edition),400000,,,Manual,Chrome,2017,,,500,Petrol,26520,Cruiser
duke 250 bs4,400000,,,Manual,white,2018,,28,250,Petrol,25000,Sport
Duke 200,450000,6 months,,Manual,silver metalic,2024,,31,200,Petrol,8800,Others
Crossfire RM250 (2021 last model),480000,Personal,,Manual,Red and white ,2021,,25,250,Petrol,24000,Dirt
160 RTR Apache 2018 model for sale  Bansbari Kathm,165,5 years,no,Manual,Blue n black,2018,excellent,53,160,Petrol,47000,Sport
Ns 200 Non Abs,220000,,,,,,,,,,,
Jawa 42 on sale super fresh 126 lot 2021 last ,380,Riding ,,Manual,Light green ,2021,All ,30 ,350,Petrol,,Cruiser
Hero Supersplendor 125cc 95 Lot Sale Or Ex,119000,3 years,,Manual,Black,2017,Self ,55,125,Petrol,19000,Standard
Honda Unicorn 160cc 1 Hand Super fresh Urgent Sell,125000,Personal,,Manual,Red and Black,2018,,40,160,Petrol,40000,Standard
Ktm Duke 200 bs6,380000,,,Manual,Orange and black,2021,,35,200,Petrol,19,Standard
Gixxer Bike For sale ,110000,Personal Used ,No ,Manual,Black and Blue ,2018,Top speed up to 113 Km/Hr,30-35,155,Petrol,50000,Sport
Ace British 400 on Sale,290000,,,Manual,Red,2017,,,400,Petrol,12800,Cruiser
Ntorq On Sale,160000,Normally used ,No,Manual,Red,2021,Perfect ,30,125,Petrol,30000,Scooty
Ktm duke 390,515000,,,Manual,white,2019,bs4,20,390,Petrol,31000,Sport
Bike On Sell ,155000,,,Automatic,red,2018,,33,160,Petrol,30000,Sport
Honda Shine Diskbreak 134 Lot Sale Or Exchange,189000,2 years,,Manual,Black,2022,Disk break,55,125,Petrol,15000,Standard
Motrac 125,78999,7 years,No warrenty,Manual,Orange Grey,2017,Digital Meter Dual Disc Double Silencer,25,125,Petrol,25000,Standard
Single Hand Vespa Sxl (Fixed Price),79999,7 years,No warrenty,Manual,Maroon Red,2016,Digital Meter Alloy Wheel Disc Brake,30,150,Petrol,25000,Scooty
suzuki 250 bikrima,340000,office to home,no warranty,Manual,blue,2019,,35,250,Petrol,35500,Sport
Runner 200 On Sale,145000,Normal used ,No,Manual,Red,2019,Perfect ,35,200,Petrol,12000,Dirt
Honda Grazia Fi 142lot On Sale Or Exchange,249000,,,Manual,,2022,,45,125,Petrol,8000,Standard
Yamaha V3 Double Abs,230000,3 yers, No,Automatic,Red silver ,2020,Double abs,40,155,Petrol,37000,Sport
BMW Moter Bike,900000,,,Automatic,White,2022,,35,310,Petrol,4000,Sport
Bike dominar,525000,8Month,4Years,Automatic,Black ,2024,Bike,35,400Cc,Petrol,7888,Sport
Scooter For Sale Urgent,210000,1.5 year ,,Automatic,Green ,2021,,45,,Petrol,18450,Scooty
MT 15,400000,,,Automatic,Neon white,2023,,45,155,Petrol,14,Others
Tvs Appachi 200 Abs Fi 141 Lot Sale Or Exchange,279000,2 years,,Manual,Blue,2022,Abs fi,40,200,Petrol,12000,Standard
Apache Rtr 1604v 102lot On Sale Or Exchange,159000,,,Manual,,2019,,,160,Petrol,,Standard
Tvs Apache 200 141lot On Sale Or Exchange,259000,,,Manual,,2022,,,200,Petrol,,Standard
Tvs Appachi 1604v Double Disk 102 Lot Sale Or Ex,159000,3 yeras,,Manual,Blue,2019,Double disk,40,160,Petrol,29000,Standard
YAMAHA FZ V2/V3 CYLINDER BLOCK GENIUNE ,8599,,,Automatic,,2015,,,,Petrol,,Others
Overall Bike Customization,999,,,Manual,,0000,,,1000,Petrol,,Others
Hero160cc Fi +abs extreme 123 lot 2021,169999,,,Manual,Blue n black,2021,,55,160,Petrol,13k,Sport
R15,100000,,,Manual,invincible black,2016,,,149,Petrol,17288,Sport
86 lot Spenldor+ 2017 model ,95000,,,Manual,Grey ,2017,,65,110,Petrol,,Standard
SUZUKI GIXER SF155 ,110000,,,Manual,blue,2015,,45,155,Petrol,40000,Sport
as 200,95000,adventure,,Manual,red,2015,alloy wheel digital meter comfortable seats etc,30,200,Petrol,29000,Sport
BAJAJ RS 200 On Sale & Exchange,160000,,,Automatic,Green,2015,,,200,Petrol,24000,Sport
Benelli 302s for sale ,540000,4 years ,Company ,Automatic,Neon,2019,Yes,35,302,Petrol,33000,Sport
Honda Aviator,170000,,,Manual,Silver,2021,,35,110,Petrol,22000,Scooty
R15 V4.0 M 137 Lot Sale Or Exchange ,455000,Home to office,Full,Manual,Silver,2022,All,45,155,Petrol,5000,Sport
Aprilia Sr 125 119 Lot Sale Or Exchange ,165000,Home to office,Full,Automatic,Blue,2020,All,40,125,Petrol,5500,Scooty
Pulsar 150 || Pathao  Indrive Best Option Bike,90000,,,Manual,,2009,,,,Petrol,,Standard
mountain bicycles ,45000,,,Manual,,2021,,,,Electric,,Others
Pulsar 220,130000,Office to home,No,Automatic,Red n black,2016,Milage ramro cha and pickup,30-40,220,Petrol,39k,Standard
"Duke 200 On Sale 
Cn 9808069712",230000,Personal,No,Manual,White ,2016,Perfect ,40,200,Petrol,46000,Standard
"Ns 200 On Sale 
Cn 9808069712",160000,Recondition ,No,Manual,Black,2018,Perfect ,30,200,Petrol,36000,Standard
"Benelli 300 On Sale 
Cn 9808069712",360000,Personal,No,Manual,White ,2017,Perfect ,30,300,Petrol,31000,Sport
Honda Shine 125cc 2011 model bike for sale-Rs. 1 L,100000,,,Manual,,2011,,,,Petrol,,Others
CF Moto 400NK,350000,,,Manual,Nebula White,2019,,,400,Petrol,16000,Sport
Ns200 Blue and Black.singal hand ho tax clear2081,120000,office to home,,Manual,blue and black,2015,,35,200,Petrol,33000,Sport
Super splendor bike,90000,,,Automatic,,2017,,,,Petrol,,Standard
Classic 350 On Sale,399000,Personal,No,Manual,Black,2019,Perfect ,35,350,Petrol,32000,Standard
Yamaha XJ 650,500000,,,Manual,Black,1994,Cruise Control  Front Vehicle Speed Sensor  Side stand sensor  Multifunctional Speedometer,15,650,Petrol,24000,Cruiser
Aviator for sell,129000,,,Manual,black,2018,,,109,Petrol,32000,Standard
Taro Motor AlexOne 150Cc 134 Lots Sale/Xchange,199900,1.5 year,As Company rules ,Automatic,White/Black,2022,Hey ?? Guys I have Taro Motors Alexone 134 lots White/black Colors Scrooty Superfresh Condition Ma 6 As Showroom Not a Single Scratch Run km is Only 14k Scrooty Single Handed You Can See Orginal photos Also if you Want To Buy/Xchange Plz ?? ?? ?? Call/Reply Us 9851205105/9861024681 For Details You Can Search in Google/Facebook/TikTok/Youtube/WhatsApp Prakrish Enterprises sorakhute Prakrish Chwok Puspalal Marga Kaldhara Khasbu Linkroad 17 We Are Open Sunday-Friday 9:30Am-6pm,30,150,Petrol,14000,Sport
Bajaj Pulsar 150cc 115 Lot 2020 Model Sale Or Ex,189000,2 years,,Manual,Black red,2020,Single disk,45,150,Petrol,18000,Standard
Aprilia Sr 150,195000,1.5 years,,Manual,Black,2022,,,150,Petrol,14000,Scooty
Ducati Supersport,3250000,,,Manual,Red,2017,,,950,Petrol,9500,Sport
Duke 200,400000,,,Manual,White and black,2022,,30,200,Petrol,20000,Scooty
Super Splendor 74 Lot Sale Or Exchange ,92000,Home to office,Full,Manual,Black,2016,All,55,125,Petrol,35000,Sport
Honda shine fresh condition,120000,School ?? upon down,No,Manual,black and red,2016,self kick ??,56,125,Petrol,50000,Standard
XR 190 For Sale,488000,,,Manual,red,2018,,50,190,Petrol,25000,Dirt
pulsar n160,360000,,,Manual,,2024,,,,Petrol,2400,Standard
R15M - 12000kms run - 2023 model for sale,500000,,engine and battery warranty,Manual,silver,2023,dual channel abs  traction control system  dual riding modes,50,155,Petrol,6000,Sport
Scooter Sell,130000,,,,,,,,,,,
Harley Davidson Street 750 Mat Black,2000000,,,Manual,Mat black,2019,,15,750,Petrol,3000,Cruiser
BENELLI PANAREA 125 EFI SCOOTER SELL IN BHAKTAPUR,250000,,5 Yrs,Automatic,BLUE,2021,EFI,50,125,Petrol,0,Standard
S1 Pro Model E-Cycle (9802088291),110000,New,6 months on battery and motor.,Automatic,Red and Blue,2024,Hydraulic fork double hydraulic rear shock  front & rear drum brakes  anti-theft Alarm  remote key with pedals,80-100km,650watt,Electric,80-100km,Scooty
Everest Model E-cycle (9802088291),105000,New,6 month on battery and motor,Automatic,Red and Blue,2024,Hydraulic fork double hydraulic rear shock  front & rear drum brakes  anti-theft Alarm  remote key with pedals,80-100km,600w,Electric,80-100km,Others
Cb350rs For Sale,690000,,,Manual,,2022,,,350,Petrol,21000,Cruiser
FZ X YAMAHA (Like brand new),345000,,,Manual,Orange,2023,,40,150,Petrol,4000,Cruiser
New Scoter  fresh,240000,,,,,,,,,,,
TVS Apache full fresh condition   Rs 75000,75000,home to jop,,Automatic,red,2013,,35,159,Petrol,30000,Sport
Pulsar 220,99999,,,Manual,blue,2009,,35,220,Petrol,,Standard
Odometer for Crf 250l and Rally,48500,,,Manual,black,2019,,,250,Petrol,0,Dirt
Suzuki GN 125,160000,,,Manual,Black,2010,,45,125,Petrol,32000,Cruiser
New Generation E-Bike for Touring  Hiking  Commute,74999,,,Automatic,,2021,,,,Electric,,Others
Fantom E-Bike  Electronic Bike Upto 120 km range,74999,,1 Year in Battery and Lifetime on frames. ,Automatic,,2021,"Why have an E-bike that can go further if the battery can’t last? Let’s welcome new “Phantom” E-bike. A versatile  powerful touring bike that’s made to go the distance. With 36V Lithium Ion Battery  a 250W rear motor  5 level pedal assist  and an LCD color display  master those distances and truly go anywhere and go everywhere. The only thing you’ll need to worry about is loading up  and going out with “Phantom”.  Motor: 250W Rear Mounted Brushless Motor Range: 50 km – 120 km Battery: 36V/11Ah Removable Li-ion Battery  ?Pedal Assistant Sensor ?Throttle Mode ?Cruiser Mode ?Walk Assistant Mode ?Fantom Smart Light System ?Lithium-ion Battery ?Rim Wheels  Advanced Technology: ?LCD Screen (4.1"" large  sleek design) ?20 Programs with a futuristic interface  Why Choose Fantom? ?Reliable quality at an affordable price ?Certificates for all parts ?Spare parts and after-sales service",120km,,Electric,,Others
Honda CB Hornet 160R,180000,5 Years,,Manual,Grey,2018,LED headlamps  Digital Meter,45,163,Petrol,42000,Standard
"Duke 200 Bs6 Model 
041 Lot 9843645282",435000,,,Manual,,2022,,,200,Petrol,14000,Sport
Interceptor 650 - Required,450000,,,,,,,,,,,
Aprilia SR Raceing 150Cc 131 Lots Sale/Xchange,183900,1 yera,As Company ,Automatic,White/black,2021,Hey ?? Guys I have Aprilia SR Race 131 lots White/Black Colors Scrooty Superfresh Condition Ma 6 As Showroom Not a Single Scratch Run km is Only 11k You Can See Orginal photos Also if you Want To Buy/Xchange Plz ?? ?? ?? Call/Reply Us 9851205105/9861024681 For Details You Can Search in Google/Facebook/TikTok/Youtube/WhatsApp Prakrish Enterprises sorakhute Prakrish Chwok Puspalal Marga Kaldhara Khasbu Linkroad 17 We Are Open Sunday-Friday 9:30Am-6:30pm,30,150,Petrol,11000,Scooty
Bajaj Avenger,140000,Office ,,Manual,Martin,2017,,45,149,Petrol,47000,Cruiser
pulsar 150cc 48 lot no provlems,75000,,,Automatic,red wine,2011,,40,150,Petrol,65000,Standard
BMW 310GS,850000,,,Manual,Red,2019,,,310,Petrol,21136,Dirt
Hero Xtreme,130000,,,Manual,Red,2019,,45,200,Petrol,16000,Sport
rieju bike,300000,2013,0,Manual,green,2010,no,20,125,Petrol,50000,Dirt
Honda Dream Yoga 110cc,65000,3,No,Automatic,Black ,2013,All,55,110,Petrol,34000,Standard
tvs ronin 225,340000,,,Automatic,orange,2023,,,225,Petrol,10000,Cruiser
2016 model avenger 150 (NUMBER 9703318215),100000,,,Manual,Dark blue,2015,,,150,Petrol,24000,Cruiser
YAMAHA FZ25 250,170000,personal use,N/A,Manual,Blue,2018,N/A,30,250,Petrol,48000,Standard
[URGENT - LIKE NEW ] | XPULSE 200 ,290000,,,Manual,White,2021,,,199,Petrol,11000,Dirt
Niu electric scooter,150000,7 years,,Automatic,White,2018,,24000,,Electric,24000,Scooty
Suzuki GZ 250 Japanese sale or exchange ,350000,Personal ,,Manual,Red,2000,,25,250,Petrol,40k,Cruiser
Atorq scooter sale,165000,,,Automatic,red,2020,,,125,Petrol,21000,Scooty
yamaha fz on sale,160000,,,Manual, grey and blue,2018,,45,150,Petrol,,Others
For Sale: 2016 Royal Enfield Bullet 350,310000,1,,Automatic,,2016,,45,350,Petrol,,Standard
duke 390 bs6 ugrnet sell,510000,3 years,1 years engine warrenty,Manual,,2021,,25,390,Petrol,150000,Standard
Hero Xterm cbz 103 Lots Sale/Xchange,87900,3 years ,As Company rules ,Automatic,Red ,2018,Hey ?? Guys I Have Hero Cbz Sports 003 lots Red Colors Bike Superfresh Condition Ma 6 As Showroom Not a Single Scratch  Bike Single Handed Ho Run km Is only 15k You Can See Orginal photos Also if you want To Buy/Xchange Plz ?? ?? ?? Call/Reply Us 9851205105/9861024681 For Details You Can Search in Google/Facebook/TikTok/Youtube/WhatsApp Prakrish Enterprises Sorakhute Prakrish Chwok Kaldhara Marg Khasbu Linkroad 17 We Are Open Sunday-Friday 9:30Am-6:30pm,45,150,Petrol,15000,Sport
Second Hand R15 V3 Bike In Kathmandu  R15 133 lot,379999,Bike Lovers  r15 riders in nepal,,Automatic,Thunder Grey,2021,ABS ,9000,150,Petrol,900,Sport
TVS Phoenix 125cc (76 lot),122000,,,Manual,,2016,,45,125,Petrol,27000,Standard
Crossfire XZ 250,300000,Peesonal,,Manual,Red,2016,,18-20 km/L,250,Petrol,18000,Dirt
Avenger 220 2020 Model,270000,,,Manual,White,2020,,35,220,Petrol,21500,Cruiser
CB unicorn 150,90000,,3,Automatic,black,2015,rear mono shock,47,150,Petrol,39999,Standard
Dio Scotty,130000,,,,,,,,,,,
190 XR Honda Bike,450000,,,,,,,,,,,
KTM DUKE 200 BS6,370000,,,Manual,,2021,,,,Petrol,,Others
R15 V4 Urgent Sale,490000,,,Automatic,Blue,2022,,48,,Petrol,5500,Sport
Rtr200 4v,155000,Rarely ,Depends on,Manual,Black red ,2018 last,Slipper clutch ,38-40,200,Petrol,26000,Sport
Brand New Apache RTR 200 4v 2022 Last 14k genuine,275000,Aprox 16 months ,Yes,Manual,Red black,2022,,40,200,Petrol,14000,Standard
Brand New Apache RTR 200 4v 2022 Last 14k genuine,275000,Aprox 16 months ,Yes,Manual,Red black,2022,,40,200,Petrol,14000,Standard
KTM Duke 250 - 2019,550000,Personal Use,,Manual,White,2019,,30,250,Petrol,26000,Standard
Bajaj NS 200,170000,,,Automatic,White and black ,2017,,40,200,Petrol,24000,Sport
Duke 200 ,200000,,,Manual,Orange,2014,,43,200,Petrol,18000,Sport
Yamaha FZ250,155000,,,Manual,Black,2019,EFI,35,250,Petrol,30,Sport
Benelli TNT 135,160000,2 years,,Manual,Black,2018,,40+,135,Petrol,19000,Standard
Bike on Sale,165000,1,no,Manual,red,2019,self,40,125,Petrol,35000,Standard
Bajaj Pulsar 200 NS 2016 Model,170000,7 years,,Manual,Black & Blue,2016,,,200,Petrol,24000,Standard
benelli leoncino 250,450000,3,,Manual,Black and White,2020,Agressive position Fast and unique look.,40-45,250,Petrol,16000,Cruiser
150 pulsar,90000,,,Automatic,blue,2013,,40,150,Petrol,0000,Sport
Bajaj Discover 125,59999,,,,,,,,,,,
82 Lot New Model Beneli TNT On Sales Or Exchange,168000,Personal,,Automatic,Red,2017,GREAT MILEAGE AND Good condition,45,250,Petrol,27000,Others
Aprila 150,135000,,,Manual,black ,2019,,24,,Petrol,25224,Scooty
TVS APACHE RTR - 160cc,205000,Personal ( home to office ,,Automatic,Black & white,2021,Self start   digital dashboard  phone app,35,160,Petrol,13150,Sport
Pulsar 150 2005 model,44000,,,Manual,Red,2005,Digital Twin Spark Ignition System,Above 40,150,Petrol,,Standard
Horwin CR6 Black,600000,, 2 years on battery and Motor,Automatic,Black Green,2023,CBS braking system  full LED,95KM,5200W,Electric,0,Standard
Aprilia Sr 125,148000,3,No,Automatic,Silver,2021,All,35,125,Petrol,23000,Scooty
Honda Unicorn ,116000,,,Manual,Red ,2015,,42,160,Petrol,36000,Standard
Suzuki GN 125 Japanese,160000,25,,Manual,Black,1998,,45,125,Petrol,84000,Cruiser
Fz Yamaha bike,120000,private,,Automatic,white and red,2010,,25,151,Petrol,,Others
Bajaj Ns 200 Like new  Good Engine,165000,,,Manual,Red,2017,,,200,Petrol,38 000,Standard
Dio On Sell,162000,Not so long,,Automatic,Green,2019,,40,122,Petrol,12000,Scooty
Bike,150000,Office use,,Automatic,Red/white,2017,Full opinion ,35,200,Petrol,30000,Sport
Destini 125 023 lot on sale,110000,,,Manual,meheroon,2020,,35,125,Petrol,,Scooty
NS 200 BS7 on sale. Urgent sale. 18500km run.,320000,3 months,Valid,Manual,Black & red,2023,Dual channel ABS. USD Fork. Gear position indicator. Smooth ride. Distance to Empty.,40.,200,Petrol,2700,Sport
Urgent Duke 200 On Sale,220000,,,Manual,White,2016,,,200,Petrol,34000,Sport
BRAND NEW MOTORHEAD SCRAMBLER 250 ON SALE,295000,,,Manual,,2020,,,,Petrol,,Dirt
CrossfireXZ250RR,290000,4 years ,,Manual,White,2017,,22,250,Petrol,,Dirt
Plusar 220f,360000,,,,,,,,,,,
Benelli Tnt 150,150000,Office ,,Automatic,White and red ,2019,Full opinion ,40,150,Petrol,17000,Sport
XR 190l,470000,2.5 years,Not available ,Manual,White,2019,,45,190,Petrol,27000,Dirt
Yamaha R3,559999,,,Manual,Blue,2016,,22,320,Petrol,13000,Sport
Vespa,200000,,,Automatic,red,2019,,,,Petrol,6000,Scooty
Fz 250 92 lot ,170000,,,,,,,,,,,
R15 v3 fully wrapped  fresh condition on sell ,350000,Office use only,,Manual,,2020,,45 - 50 kmpl,,Petrol,15k,Sport
dio bike for sale,25000,,,Automatic,,2007,,,,Petrol,,Scooty
Bike Sell,525000,,,Manual,Gunmetal ,2021,,35,350,Petrol,24000,Others
ktm duke 200,130000,,,Manual,orang,2012,,,200,Petrol,,Others
Yamaha Fazer,75000,12 years,none,Manual,black,2011,alloy wheel  disk brake,35,160,Petrol,60000,Sport
Ns 200 fi abs,330000,Ride,No,Manual,Red,2022,Fi abs,40,200,Petrol,11000,Sport
Duke 200 bs6 For sale,450000,1.5 years,,Manual,Electronic orange,2021,duel channel abs,30,200,Petrol,6600,Sport
CBZ Extreme,45000,,,Manual,Black,1234,,45,150,Petrol,123456,Standard
Fz 250,200000,personal,,Manual,black,2019,,30,250,Petrol,13750,Sport
Honda CBR 250R,400000,,,Automatic,Silver,2000,,,250,Petrol,3000,Sport
bike on sale,200000,,company,Automatic,orange,2021,,30,250,Petrol,9000,Sport
Super spender bike on sale ,125000,,,Manual,,2017,,55,125,Petrol,,Standard
 Yamaha ZR Street Rally 113cc,125000,,,Automatic,,2018,,,113,Petrol,18821,Scooty
Yamaha FZS V2 2021,320000,6 months,Yes,Automatic,Blue,2021,,50,150,Petrol,5500,Sport
Yatri P-1 Electric Motorcycle on sale,530000,,,Automatic,vulcan/black,2022,,,250,Electric,4000,Dirt
New Model Electric Mini scooter On Sale,85000,,1 year,Automatic,,2023,,50,500,Electric,,Scooty
Pulsar 180,30000,years,no warrenty,Manual,,2009,,30-35,180,Petrol,42000,Sport
Crossfire Tracker 249  Not Ridden Much,225000,5 months,,Manual,Black.Grey,2021,Beautiful torque and suspension ,34,249,Petrol,5560,Dirt
Electric Mini Scooter,85000,,,Automatic,,2022,,,,Electric,,Scooty
FZ 250 DUAL CHANNEL ABS ,200000,Personal ,1 year ,Manual,Black ,2022,Nothing happen ,35 +,250,Petrol,17000+,Standard
"KTM Duke 250
Model : 17
No Engine Sound",280000,5.5 ,One year Tyre ,Automatic,Black and white ,2018,Slipper clutch ,35,250,Petrol,45000,Sport
Mt-15 on sale ,370000,3 years,,Automatic,Navy Blue,2021,,35,155,Petrol,,Standard
Yamaha SZS Motorcycle  black,75000,Normal,,Automatic,Black,2014,Good condition ,50,153,Petrol,21000,Standard
Mt15 For Sale,300000,,,Manual,Black ,2020,,40,155,Petrol,25220,Sport
Pulsar 150,155000,4 years,No,Manual,Red & black,2018,,40-42km,150,Petrol,33000,Standard
Husqvarna Svartpilen / Exchange Crossfire /Cross X,560000,9 months ,,,,,,,250,,3000,Standard
Vespa 125,130000,2 year,,,,2018,Electric Start Alloy Wheels Tubeless Tyres Anti-lock Braking (ABS) Mono Suspension Split Seat Low Fuel Indicator,40,125,,11000,Scooty
New Electric Scooter,99999,12 days,,,,2018,Electric Start Alloy Wheels Tubeless Tyres LED Tail Light,60,100,,60,Scooty
Suzuki Gixxer 155cc 2015model,120000,4years,unlimited,,,2015,Electric Start Alloy Wheels Tubeless Tyres Digital Display Panel Projected Headlight LED Tail Light Front Disc Brake Rear Disc Brake Anti-lock Braking (ABS) Mono Suspension Split Seat Low Fuel Indicator Tripmeter,37,160,,25786,Sports
Pulsar 220 Urgent Sale,158000,2 years,,,,2016,Electric Start Alloy Wheels Tubeless Tyres Digital Display Panel Projected Headlight LED Tail Light Front Disc Brake Rear Disc Brake Anti-lock Braking (ABS) Mono Suspension Split Seat Low Fuel Indicator Tripmeter,35,220,,22000,Sports
Ace British 400 On Sale,250000,,,,,2016,Electric Start Front Disc Brake,30,400,,16000,Standard
Mt 15 bike,220000,,No,Manual,blue,2019,Abs vva ,45,155,Petrol,20000,Sport
Yamaha Rey Zr,120000,transportation,1 year before its use,Manual,black and red,2,comfortable seat   comfortable handling   good mileage and no need for frequent servicing,45,125,Petrol,22730,Scooty
Benelli TNT 300 ABS,500000,4 Years,No Warranty,Manual,Red,2018,Duel Channel ABS,,300,Petrol,8829,Sport
Tvs Aapache Bike,335000,Office to home ,Xaina ,Manual,Red ,01,Good for off road ,40,200,Petrol,78247,Sport
TVS NTORQ 125cc with embossed number ,175000,Personal ,1,Automatic,Red,2021,Smart ,35,125,Petrol,8000,Scooty
Pulsar Bike On Sale,122000,General transportation ,No,Automatic,Red,2016,The Bajaj Pulsar 150 is powered by a 149.5 cc air-cooled engine which produces of power. It has a fuel tank of 15 L and a . ,40,150,Petrol,300000,Sport
Crf250l,1450000,,,Manual,Red,2019,,,250,Petrol,6000,Dirt
Royal Enfield Classic 350 for Sale!!!,350000,Personal,,Manual,Red,2014,,,346,Petrol,42804,Standard
pulsar 150 tw bike urgent sell,150000,2 yrs,,Manual,blue,2020,,,150,Petrol,11000,Sport
Fresh Dominar 400 CC for sale,420000,personal,,Manual,Matt Black,2019,,28,400,Petrol,18300,Sport
